id,merchantId,name,description,price,stock,category,commissionRate,status,metadata,createdAt,updatedAt,productType,fixedCommissionRate,allowCommissionAdjustment,minCommissionRate,maxCommissionRate
d5c6d241-0768-4cf4-97c9-9956af673f56,f9fd7fe9-18eb-4519-806a-7a486be863c9,NFTæ”¶è—å“ - æ•°å­—è‰ºæœ¯å“,é™é‡ç‰ˆæ•°å­—è‰ºæœ¯å“NFTï¼ŒåŸºäºä»¥å¤ªåŠé“¾ï¼Œæ‹¥æœ‰å”¯ä¸€tokenIdå’Œå…ƒæ•°æ®ã€‚,0.50,1,é“¾ä¸Šèµ„äº§,0.10,inactive,"{""type"": ""nft"", ""chain"": ""ethereum"", ""image"": ""https://via.placeholder.com/300x300?text=NFTè‰ºæœ¯å“"", ""rarity"": ""legendary"", ""tokenId"": ""1"", ""contract"": ""0x1234567890abcdef"", ""currency"": ""ETH""}",2025-11-16 10:13:27.274884,2025-11-30 09:18:57.081949,physical,,f,,
d5b2c17e-86d0-4720-91b0-41b8a4e5294c,f9fd7fe9-18eb-4519-806a-7a486be863c9,æ¸¸æˆé“å…·NFT - ç¨€æœ‰è£…å¤‡,é“¾æ¸¸ä¸­çš„ç¨€æœ‰è£…å¤‡NFTï¼Œå¯åœ¨æ¸¸æˆä¸­ä½¿ç”¨ï¼Œæ”¯æŒè·¨æ¸¸æˆäº¤æ˜“ã€‚,0.30,5,é“¾ä¸Šèµ„äº§,0.12,inactive,"{""game"": ""é“¾æ¸¸ä¸–ç•Œ"", ""type"": ""game_item"", ""chain"": ""polygon"", ""image"": ""https://via.placeholder.com/300x300?text=æ¸¸æˆNFT"", ""rarity"": ""epic"", ""contract"": ""0xabcdef1234567890"", ""currency"": ""ETH""}",2025-11-16 10:13:27.294871,2025-11-30 09:18:57.135284,physical,,f,,
97dae101-5376-41e9-a89e-2d33c1233170,f9fd7fe9-18eb-4519-806a-7a486be863c9,ä¼ å¥‡æ¸¸æˆå‰‘ - ç«ç„°ä¹‹åˆƒ,ä¸€æŠŠä¼ è¯´ä¸­çš„æ¸¸æˆæ­¦å™¨ï¼Œæ‹¥æœ‰å¼ºå¤§çš„ç«ç„°å±æ€§ï¼Œé€‚åˆè¿‘æˆ˜èŒä¸šä½¿ç”¨ã€‚ç¨€æœ‰åº¦ï¼šå²è¯—çº§,0.10,15,æ¸¸æˆè£…å¤‡,0.15,inactive,"{""game"": ""ä¼ å¥‡ä¸–ç•Œ"", ""type"": ""weapon"", ""image"": ""https://via.placeholder.com/300x300?text=æ¸¸æˆå‰‘"", ""rarity"": ""epic"", ""currency"": ""USD"", ""attributes"": {""attack"": 120, ""fireDamage"": 30}}",2025-11-16 10:13:27.068529,2025-11-30 09:18:57.160176,physical,,f,,
472450a4-65bf-412a-b014-bf3f77c8cd70,f9fd7fe9-18eb-4519-806a-7a486be863c9,è”æƒ³ Yoga ç¬”è®°æœ¬ç”µè„‘,14è‹±å¯¸è½»è–„æœ¬ï¼ŒIntel i7å¤„ç†å™¨ï¼Œ16GBå†…å­˜ï¼Œ512GB SSDï¼Œé€‚åˆåŠå…¬å’Œåˆ›ä½œã€‚,1.00,25,ç”µå­äº§å“,0.05,inactive,"{""brand"": ""è”æƒ³"", ""image"": ""https://via.placeholder.com/300x300?text=ç¬”è®°æœ¬ç”µè„‘"", ""model"": ""Yoga 14"", ""specs"": {""cpu"": ""Intel i7"", ""ram"": ""16GB"", ""storage"": ""512GB SSD""}, ""currency"": ""CNY""}",2025-11-16 10:13:27.157865,2025-11-30 09:18:57.178994,physical,,f,,
504bb2e5-6ce6-473b-b684-79f5b5ad9bb4,f9fd7fe9-18eb-4519-806a-7a486be863c9,æ— çº¿è“ç‰™è€³æœº - é™å™ªç‰ˆ,ä¸»åŠ¨é™å™ªæŠ€æœ¯ï¼Œ30å°æ—¶ç»­èˆªï¼Œæ”¯æŒå¿«é€Ÿå……ç”µï¼ŒéŸ³è´¨æ¸…æ™°ã€‚,1.00,50,ç”µå­äº§å“,0.08,inactive,"{""brand"": ""AudioTech"", ""image"": ""https://via.placeholder.com/300x300?text=è“ç‰™è€³æœº"", ""currency"": ""CNY"", ""features"": [""é™å™ª"", ""é•¿ç»­èˆª"", ""å¿«å……""]}",2025-11-16 10:13:27.175393,2025-11-30 09:18:57.198963,physical,,f,,
ef1ca511-274c-4b09-8d1a-6872df1525a2,f9fd7fe9-18eb-4519-806a-7a486be863c9,æ™ºèƒ½æ‰‹è¡¨ - è¿åŠ¨ç‰ˆ,å¥åº·ç›‘æµ‹ï¼Œè¿åŠ¨è¿½è¸ªï¼ŒGPSå®šä½ï¼Œ7å¤©ç»­èˆªï¼Œé˜²æ°´è®¾è®¡ã€‚,1.00,30,ç”µå­äº§å“,0.06,inactive,"{""brand"": ""SmartWatch"", ""image"": ""https://via.placeholder.com/300x300?text=æ™ºèƒ½æ‰‹è¡¨"", ""currency"": ""CNY"", ""features"": [""å¥åº·ç›‘æµ‹"", ""GPS"", ""é˜²æ°´""]}",2025-11-16 10:13:27.18743,2025-11-30 09:18:57.227625,physical,,f,,
092c3f3f-9fcf-4325-95bc-951f0e7d93d2,f9fd7fe9-18eb-4519-806a-7a486be863c9,æœºæ¢°é”®ç›˜ - 87é”®,é’è½´æœºæ¢°é”®ç›˜ï¼ŒRGBèƒŒå…‰ï¼Œé€‚åˆæ¸¸æˆå’Œæ‰“å­—ï¼Œå“åº”é€Ÿåº¦å¿«ã€‚,1.00,40,ç”µå­äº§å“,0.07,inactive,"{""brand"": ""KeyBoard Pro"", ""image"": ""https://via.placeholder.com/300x300?text=æœºæ¢°é”®ç›˜"", ""switch"": ""é’è½´"", ""currency"": ""CNY"", ""features"": [""RGBèƒŒå…‰"", ""87é”®""]}",2025-11-16 10:13:27.200786,2025-11-30 09:18:57.244091,physical,,f,,
2eb08063-2615-4a57-b47e-181b7cbb28bf,f9fd7fe9-18eb-4519-806a-7a486be863c9,ç½‘ç«™è®¾è®¡æœåŠ¡,ä¸“ä¸šçš„ç½‘ç«™è®¾è®¡å’Œå¼€å‘æœåŠ¡ï¼ŒåŒ…æ‹¬UI/UXè®¾è®¡ã€å‰ç«¯å¼€å‘ã€å“åº”å¼å¸ƒå±€ã€‚äº¤ä»˜å‘¨æœŸï¼š7-14å¤©,1.00,999,è®¾è®¡æœåŠ¡,0.20,inactive,"{""type"": ""virtual_service"", ""image"": ""https://via.placeholder.com/300x300?text=è®¾è®¡æœåŠ¡"", ""currency"": ""CNY"", ""serviceType"": ""web_design"", ""deliveryDays"": 14}",2025-11-16 10:13:27.220071,2025-11-30 09:18:57.262304,physical,,f,,
027f5d7c-e146-4198-b12c-88e6d0618554,86ed4906-88eb-4a54-b8f2-15fce6ca65d1,ğŸ¨ è™šæ‹Ÿå•†å“ - æ•°å­—è‰ºæœ¯æ”¶è—,é™é‡æ•°å­—è‰ºæœ¯æ”¶è—å“ï¼Œæ”¯æŒ NFT å½¢å¼äº¤ä»˜ã€‚æµ‹è¯•è™šæ‹Ÿå•†å“çš„æ”¯ä»˜å’Œäº¤ä»˜æµç¨‹ã€‚,0.01,200,è™šæ‹Ÿå•†å“,7.00,inactive,"{""image"": ""https://images.unsplash.com/photo-1618005182384-a83a8bd57fbe?w=400"", ""currency"": ""USDT"", ""assetType"": ""virtual"", ""productType"": ""nft"", ""paymentMethod"": ""wallet""}",2025-11-25 08:31:10.996593,2025-11-30 09:18:57.336171,nft,,f,,
91c65187-7cbb-448e-866f-47e1509ff810,f9fd7fe9-18eb-4519-806a-7a486be863c9,å¼ºåŒ–çŸ³ - åŠ›é‡å¢å¼º,ç”¨äºå¼ºåŒ–è£…å¤‡çš„çè´µé“å…·ï¼Œå¯ä»¥æå‡è£…å¤‡çš„åŸºç¡€å±æ€§ã€‚,0.10,100,æ¸¸æˆé“å…·,0.10,inactive,"{""game"": ""ä¼ å¥‡ä¸–ç•Œ"", ""type"": ""enhancement"", ""image"": ""https://via.placeholder.com/300x300?text=å¼ºåŒ–çŸ³"", ""rarity"": ""common"", ""currency"": ""USD""}",2025-11-16 10:13:27.1096,2025-11-30 09:18:57.429282,physical,,f,,
d8783f72-3419-4470-8def-2c0c7476329f,b7d53f17-f708-49de-9afd-b9dd9984eb97,è·¨å¢ƒæ™ºèƒ½POSå¥—ä»¶,åŒ…å«äº‘ç«¯æ”¶æ¬¾ã€é£æ§ã€æ¸…ç»“ç®—çš„å…¨é“¾è·¯POSè§£å†³æ–¹æ¡ˆï¼Œæ”¯æŒ40+å›½å®¶è´§å¸ã€‚,1.00,25,æ”¯ä»˜ç¡¬ä»¶,10.00,inactive,"{""currency"": ""CNY"", ""delivery"": ""å…¨çƒ7æ—¥è¾¾"", ""warranty"": ""24ä¸ªæœˆ""}",2025-11-21 17:27:39.586872,2025-11-30 09:18:57.358833,physical,,f,,
c5448107-da34-44f1-85e5-e72a0a307c6b,f9fd7fe9-18eb-4519-806a-7a486be863c9,é­”æ³•æ³•æ– - å†°éœœä¹‹è§¦,æ³•å¸ˆä¸“ç”¨æ­¦å™¨ï¼Œæ‹¥æœ‰å¼ºå¤§çš„å†°éœœé­”æ³•åŠ æˆï¼Œé€‚åˆè¿œç¨‹è¾“å‡ºã€‚,0.10,8,æ¸¸æˆè£…å¤‡,0.15,inactive,"{""game"": ""ä¼ å¥‡ä¸–ç•Œ"", ""type"": ""weapon"", ""image"": ""https://via.placeholder.com/300x300?text=é­”æ³•æ³•æ–"", ""rarity"": ""rare"", ""currency"": ""USD"", ""attributes"": {""magic"": 150, ""iceDamage"": 40}}",2025-11-16 10:13:27.124104,2025-11-30 09:18:57.44918,physical,,f,,
0bb378f6-9df6-424b-a6e7-bb3e73873ccb,b7d53f17-f708-49de-9afd-b9dd9984eb97,Metaverse åº—é¢è®¿é—®NFT,é™é‡100æšçš„è™šæ‹Ÿåº—é¢è®¿é—®å‡­è¯ï¼Œå¯è§£é”æ²‰æµ¸å¼è´­ç‰©ä½“éªŒä¸ä¸“å±ç©ºæŠ•ã€‚,0.88,100,Web3èµ„äº§,15.00,inactive,"{""chain"": ""Ethereum"", ""currency"": ""ETH"", ""contractAddress"": ""0x0000000000000000000000000000000000000000""}",2025-11-21 17:27:39.622364,2025-11-30 09:18:57.285151,nft,,f,,
55774326-2069-4fc7-a8af-bdc579e4b69c,f9fd7fe9-18eb-4519-806a-7a486be863c9,é˜²å¾¡ç›¾ç‰Œ - å®ˆæŠ¤è€…,é«˜é˜²å¾¡åŠ›çš„ç›¾ç‰Œï¼Œé€‚åˆå¦å…‹èŒä¸šï¼Œæä¾›å¼ºå¤§çš„é˜²æŠ¤èƒ½åŠ›ã€‚,0.10,20,æ¸¸æˆè£…å¤‡,0.12,inactive,"{""game"": ""ä¼ å¥‡ä¸–ç•Œ"", ""type"": ""armor"", ""image"": ""https://via.placeholder.com/300x300?text=é˜²å¾¡ç›¾ç‰Œ"", ""rarity"": ""uncommon"", ""currency"": ""USD"", ""attributes"": {""block"": 15, ""defense"": 200}}",2025-11-16 10:13:27.135949,2025-11-30 09:18:57.467884,physical,,f,,
626da3b7-172d-44b9-affa-15ccf6b15dce,f9fd7fe9-18eb-4519-806a-7a486be863c9,æ¸¸æˆé‡‘å¸åŒ… - 1000é‡‘å¸,æ¸¸æˆå†…è´§å¸åŒ…ï¼Œå¯ç”¨äºè´­ä¹°æ¸¸æˆå†…ç‰©å“å’ŒæœåŠ¡ã€‚,0.10,999,æ¸¸æˆè´§å¸,0.08,inactive,"{""game"": ""ä¼ å¥‡ä¸–ç•Œ"", ""type"": ""currency"", ""image"": ""https://via.placeholder.com/300x300?text=é‡‘å¸åŒ…"", ""amount"": 1000, ""currency"": ""USD""}",2025-11-16 10:13:27.14651,2025-11-30 09:18:57.483106,physical,,f,,
44fe5fbc-ed88-417c-85d6-a77787de3853,86ed4906-88eb-4a54-b8f2-15fce6ca65d1,ğŸ® NFT æ¸¸æˆé“å…· - ä¼ å¥‡ä¹‹å‰‘,é™é‡ç‰ˆ NFT æ¸¸æˆé“å…·ï¼Œå¯åœ¨æ¸¸æˆä¸­ä½¿ç”¨çš„ä¼ å¥‡ä¹‹å‰‘ã€‚æ”¯æŒæ•°å­—è´§å¸é’±åŒ…æ”¯ä»˜ï¼Œé€‚åˆ Web3 ç”¨æˆ·ã€‚,0.01,100,NFT,8.00,inactive,"{""chain"": ""BSC"", ""image"": ""https://images.unsplash.com/photo-1639322537504-6427a16b0a38?w=400"", ""tokenId"": ""1"", ""currency"": ""USDT"", ""assetType"": ""nft_rwa"", ""productType"": ""nft"", ""paymentMethod"": ""wallet"", ""contractAddress"": ""0x0000000000000000000000000000000000000000""}",2025-11-25 08:31:10.784842,2025-11-30 09:18:57.309341,nft,,f,,
5ffe7818-5160-497c-ab11-3b3c5c8008c9,86ed4906-88eb-4a54-b8f2-15fce6ca65d1,ğŸ“š é«˜çº§é˜…è¯»æœåŠ¡ - QuickPay ä½“éªŒ,é€‚åˆ QuickPay å°é¢æ”¯ä»˜çš„é˜…è¯»æœåŠ¡äº§å“ã€‚ä½¿ç”¨ X402 åè®®å¿«é€Ÿæ”¯ä»˜ï¼Œé€‚åˆå°é¢é«˜é¢‘åœºæ™¯ã€‚,0.01,1000,æœåŠ¡,5.00,inactive,"{""image"": ""https://images.unsplash.com/photo-1481627834876-b7833e8f5570?w=400"", ""currency"": ""USDT"", ""assetType"": ""service"", ""productType"": ""service"", ""x402Enabled"": true, ""paymentMethod"": ""quickpay""}",2025-11-25 08:31:10.352099,2025-11-30 09:18:57.561315,service,,f,,
1135cc2c-843a-4d56-9bfb-f4579aa0373b,86ed4906-88eb-4a54-b8f2-15fce6ca65d1,ğŸ’³ é«˜çº§ä¼šå‘˜æœåŠ¡ - Stripe æ”¯ä»˜,é«˜çº§ä¼šå‘˜æœåŠ¡ï¼Œæ”¯æŒ Stripe æ”¯ä»˜æ–¹å¼ã€‚ä¸»è¦ç”¨äºæµ‹è¯•ä½£é‡‘åˆ†é…æœºåˆ¶å’Œç»“ç®—æµç¨‹ã€‚,0.10,50,æœåŠ¡,10.00,inactive,"{""image"": ""https://images.unsplash.com/photo-1551434678-e076c223a692?w=400"", ""currency"": ""USD"", ""assetType"": ""aggregated_web2"", ""productType"": ""service"", ""paymentMethod"": ""stripe""}",2025-11-25 08:31:10.864752,2025-11-30 09:18:57.382813,service,,f,,
47173d44-06f9-4f62-a362-4d1e2ea66cca,86ed4906-88eb-4a54-b8f2-15fce6ca65d1,ğŸ›ï¸ å®ç‰©å•†å“ - æ™ºèƒ½æ‰‹è¡¨,æ™ºèƒ½æ‰‹è¡¨å®ç‰©å•†å“ï¼Œæ”¯æŒå¤šç§æ”¯ä»˜æ–¹å¼ã€‚æµ‹è¯•å®ç‰©å•†å“çš„å®Œæ•´æ”¯ä»˜å’Œç‰©æµæµç¨‹ã€‚,1.00,20,ç”µå­äº§å“,6.00,inactive,"{""image"": ""https://images.unsplash.com/photo-1523275335684-37898b6baf30?w=400"", ""currency"": ""CNY"", ""assetType"": ""physical"", ""productType"": ""physical"", ""paymentMethod"": ""wallet""}",2025-11-25 08:31:10.914235,2025-11-30 09:18:57.41147,physical,,f,,
2e0f67cd-e041-455b-b4f4-5229f90ca803,b7d53f17-f708-49de-9afd-b9dd9984eb97,Web3 ç»“ç®—æ™ºèƒ½åˆçº¦é¡¾é—®,é¢å‘å“ç‰Œ/å•†å®¶çš„é“¾ä¸Šç»“ç®—è®¾è®¡æœåŠ¡ï¼Œå«å®¡è®¡ã€éƒ¨ç½²ã€ç›‘æ§ï¼Œé€‚ç”¨äºNFT/è®¢é˜…ç±»ä¸šåŠ¡ã€‚,0.10,9999,ä¸“ä¸šæœåŠ¡,12.00,inactive,"{""currency"": ""USD"", ""delivery"": ""çº¿ä¸Šäº¤ä»˜"", ""serviceSLA"": ""æŒ‰é¡¹ç›®äº¤ä»˜""}",2025-11-21 17:27:39.608992,2025-11-30 09:18:57.500105,service,,f,,
cf0245a7-6476-475b-ad65-bf873523d487,f9fd7fe9-18eb-4519-806a-7a486be863c9,ä»£å¸åŒ… - 1000 USDT,ç¨³å®šå¸USDTï¼Œå¯ç”¨äºäº¤æ˜“å’Œæ”¯ä»˜ï¼ŒåŸºäºERC-20æ ‡å‡†ã€‚,0.01,100,é“¾ä¸Šèµ„äº§,0.05,inactive,"{""type"": ""token"", ""chain"": ""ethereum"", ""image"": ""https://via.placeholder.com/300x300?text=USDT"", ""amount"": 1000, ""currency"": ""USDT"", ""standard"": ""ERC-20""}",2025-11-16 10:13:27.314366,2025-11-30 09:18:57.5197,physical,,f,,
c89dadb3-9463-4386-bb23-f30a65925c6e,f9fd7fe9-18eb-4519-806a-7a486be863c9,å“ç‰ŒLogoè®¾è®¡,ä¸“ä¸šå“ç‰ŒLogoè®¾è®¡ï¼ŒåŒ…å«3ä¸ªè®¾è®¡æ–¹æ¡ˆï¼Œæºæ–‡ä»¶äº¤ä»˜ã€‚äº¤ä»˜å‘¨æœŸï¼š3-5å¤©,1.00,999,è®¾è®¡æœåŠ¡,0.15,inactive,"{""type"": ""virtual_service"", ""image"": ""https://via.placeholder.com/300x300?text=Logoè®¾è®¡"", ""currency"": ""CNY"", ""serviceType"": ""logo_design"", ""deliveryDays"": 5}",2025-11-16 10:13:27.237975,2025-11-30 09:18:57.542256,physical,,f,,
7d7812d3-ef0c-4402-b587-8b703005a69c,f9fd7fe9-18eb-4519-806a-7a486be863c9,æŠ€æœ¯å’¨è¯¢æœåŠ¡,èµ„æ·±æŠ€æœ¯ä¸“å®¶ä¸€å¯¹ä¸€å’¨è¯¢æœåŠ¡ï¼Œæ¶µç›–æ¶æ„è®¾è®¡ã€æŠ€æœ¯é€‰å‹ã€é—®é¢˜è¯Šæ–­ã€‚æ—¶é•¿ï¼š2å°æ—¶,1.00,999,å’¨è¯¢æœåŠ¡,0.18,inactive,"{""type"": ""consultation"", ""image"": ""https://via.placeholder.com/300x300?text=å’¨è¯¢æœåŠ¡"", ""currency"": ""CNY"", ""duration"": ""2å°æ—¶"", ""serviceType"": ""tech_consulting""}",2025-11-16 10:13:27.252157,2025-11-30 09:18:57.579242,physical,,f,,
50cce73e-798f-4e04-8d9b-f8556211999b,f9fd7fe9-18eb-4519-806a-7a486be863c9,AIæ¨¡å‹è®­ç»ƒæœåŠ¡,ä¸“ä¸šçš„AIæ¨¡å‹è®­ç»ƒå’Œä¼˜åŒ–æœåŠ¡ï¼ŒåŒ…æ‹¬æ•°æ®é¢„å¤„ç†ã€æ¨¡å‹è®­ç»ƒã€æ€§èƒ½ä¼˜åŒ–ã€‚äº¤ä»˜å‘¨æœŸï¼š10-20å¤©,1.00,999,æŠ€æœ¯æœåŠ¡,0.25,inactive,"{""type"": ""technical_service"", ""image"": ""https://via.placeholder.com/300x300?text=AIæœåŠ¡"", ""currency"": ""CNY"", ""serviceType"": ""ai_training"", ""deliveryDays"": 20}",2025-11-16 10:13:27.261997,2025-11-30 09:18:57.594419,physical,,f,,
91d91c3f-af3c-4edf-ad99-6993ce203f20,f9fd7fe9-18eb-4519-806a-7a486be863c9,åœ¨çº¿è¯¾ç¨‹ - å‰ç«¯å¼€å‘,å®Œæ•´çš„å‰ç«¯å¼€å‘è¯¾ç¨‹ï¼ŒåŒ…å«HTMLã€CSSã€JavaScriptã€Reactç­‰ï¼Œè§†é¢‘+å®æˆ˜é¡¹ç›®ã€‚,1.00,999,åœ¨çº¿æ•™è‚²,0.15,inactive,"{""type"": ""subscription"", ""image"": ""https://via.placeholder.com/300x300?text=åœ¨çº¿è¯¾ç¨‹"", ""currency"": ""CNY"", ""duration"": ""3ä¸ªæœˆ"", ""courseType"": ""frontend""}",2025-11-16 10:13:27.326381,2025-11-30 09:18:57.61085,physical,,f,,
c0618abd-8562-4b23-8334-97106d244a56,f9fd7fe9-18eb-4519-806a-7a486be863c9,ä¼šå‘˜è®¢é˜… - é«˜çº§ç‰ˆ,å¹³å°é«˜çº§ä¼šå‘˜ï¼Œäº«å—ä¸“å±åŠŸèƒ½ã€ä¼˜å…ˆå®¢æœã€æ— é™åˆ¶ä½¿ç”¨ã€‚è®¢é˜…å‘¨æœŸï¼š1å¹´,1.00,999,è®¢é˜…æœåŠ¡,0.10,inactive,"{""type"": ""subscription"", ""image"": ""https://via.placeholder.com/300x300?text=ä¼šå‘˜è®¢é˜…"", ""currency"": ""CNY"", ""duration"": ""1å¹´"", ""features"": [""ä¸“å±åŠŸèƒ½"", ""ä¼˜å…ˆå®¢æœ"", ""æ— é™åˆ¶""]}",2025-11-16 10:13:27.34456,2025-11-30 09:18:57.626849,physical,,f,,
4927263c-efca-476a-bf65-4bc8af5f00d1,f9fd7fe9-18eb-4519-806a-7a486be863c9,å®šåˆ¶Tæ¤ - ä¸ªæ€§åŒ–è®¾è®¡,æ”¯æŒè‡ªå®šä¹‰å›¾æ¡ˆå’Œæ–‡å­—çš„Tæ¤ï¼Œå¤šç§é¢œè‰²å¯é€‰ï¼Œ7-10å¤©å‘è´§ã€‚,1.00,200,å®šåˆ¶å•†å“,0.12,inactive,"{""type"": ""custom"", ""image"": ""https://via.placeholder.com/300x300?text=å®šåˆ¶Tæ¤"", ""currency"": ""CNY"", ""customizable"": true, ""deliveryDays"": 10}",2025-11-16 10:13:27.357752,2025-11-30 09:18:57.647206,physical,,f,,
fe61a9a4-7260-4684-8705-e73835c8a3dc,f9fd7fe9-18eb-4519-806a-7a486be863c9,iPhone 15 Pro Max,è‹¹æœæœ€æ–°æ¬¾æ——èˆ°æ‰‹æœºï¼Œé…å¤‡ A17 Pro èŠ¯ç‰‡ï¼Œ6.7 è‹±å¯¸ Super Retina XDR æ˜¾ç¤ºå±ï¼Œæ”¯æŒ 5G ç½‘ç»œã€‚,9999.00,50,ç”µå­äº§å“,5.00,active,"{""core"": {""media"": {""images"": [{""url"": ""https://images.unsplash.com/photo-1592750475338-74b7b21085ab?w=400"", ""type"": ""thumbnail""}]}}, ""currency"": ""CNY"", ""extensions"": {""brand"": ""Apple"", ""color"": [""æ·±ç©ºé»‘è‰²"", ""ç™½è‰²"", ""åŸè‰²é’›é‡‘å±""], ""model"": ""iPhone 15 Pro Max"", ""storage"": [""256GB"", ""512GB"", ""1TB""]}, ""aiCompatible"": {""claude"": {""name"": ""paymind_purchase_physical"", ""description"": ""è´­ä¹°å•†å“ï¼šiPhone 15 Pro Maxã€‚è‹¹æœæœ€æ–°æ¬¾æ——èˆ°æ‰‹æœºï¼Œé…å¤‡ A17 Pro èŠ¯ç‰‡ï¼Œ6.7 è‹±å¯¸ Super Retina XDR æ˜¾ç¤ºå±ï¼Œæ”¯æŒ 5G ç½‘ç»œã€‚ ä»·æ ¼ï¼š9999.00 CNY"", ""input_schema"": {""type"": ""object"", ""required"": [""product_id"", ""shipping_address""], ""properties"": {""quantity"": {""type"": ""number"", ""minimum"": 1, ""description"": ""è´­ä¹°æ•°é‡""}, ""product_id"": {""type"": ""string"", ""description"": ""å•†å“IDï¼šfe61a9a4-7260-4684-8705-e73835c8a3dc""}, ""shipping_address"": {""type"": ""string"", ""description"": ""æ”¶è´§åœ°å€ï¼ˆå®ç‰©å•†å“éœ€è¦ï¼‰""}}}}, ""gemini"": {""name"": ""paymind_purchase_physical"", ""parameters"": {""type"": ""object"", ""required"": [""product_id"", ""shipping_address""], ""properties"": {""quantity"": {""type"": ""number"", ""minimum"": 1, ""description"": ""è´­ä¹°æ•°é‡""}, ""product_id"": {""type"": ""string"", ""description"": ""å•†å“IDï¼šfe61a9a4-7260-4684-8705-e73835c8a3dc""}, ""shipping_address"": {""type"": ""string"", ""description"": ""æ”¶è´§åœ°å€ï¼ˆå®ç‰©å•†å“éœ€è¦ï¼‰""}}}, ""description"": ""è´­ä¹°å•†å“ï¼šiPhone 15 Pro Maxã€‚è‹¹æœæœ€æ–°æ¬¾æ——èˆ°æ‰‹æœºï¼Œé…å¤‡ A17 Pro èŠ¯ç‰‡ï¼Œ6.7 è‹±å¯¸ Super Retina XDR æ˜¾ç¤ºå±ï¼Œæ”¯æŒ 5G ç½‘ç»œã€‚ ä»·æ ¼ï¼š9999.00 CNY""}, ""openai"": {""function"": {""name"": ""paymind_purchase_physical"", ""parameters"": {""type"": ""object"", ""required"": [""product_id"", ""shipping_address""], ""properties"": {""quantity"": {""type"": ""number"", ""minimum"": 1, ""description"": ""è´­ä¹°æ•°é‡""}, ""product_id"": {""type"": ""string"", ""description"": ""å•†å“IDï¼šfe61a9a4-7260-4684-8705-e73835c8a3dc""}, ""shipping_address"": {""type"": ""string"", ""description"": ""æ”¶è´§åœ°å€ï¼ˆå®ç‰©å•†å“éœ€è¦ï¼‰""}}}, ""description"": ""è´­ä¹°å•†å“ï¼šiPhone 15 Pro Maxã€‚è‹¹æœæœ€æ–°æ¬¾æ——èˆ°æ‰‹æœºï¼Œé…å¤‡ A17 Pro èŠ¯ç‰‡ï¼Œ6.7 è‹±å¯¸ Super Retina XDR æ˜¾ç¤ºå±ï¼Œæ”¯æŒ 5G ç½‘ç»œã€‚ ä»·æ ¼ï¼š9999.00 CNY""}}}}",2025-11-30 13:13:15.75495,2025-11-30 13:13:15.929221,physical,,f,,
50d9e716-9d43-4e51-8af7-3e55984e8414,f9fd7fe9-18eb-4519-806a-7a486be863c9,æ•°å­—è‰ºæœ¯ NFT - æœªæ¥åŸå¸‚,é™é‡ç‰ˆæ•°å­—è‰ºæœ¯ NFTï¼Œç”±çŸ¥åæ•°å­—è‰ºæœ¯å®¶åˆ›ä½œï¼Œå±•ç°æœªæ¥åŸå¸‚çš„ç§‘å¹»åœºæ™¯ã€‚,0.50,999999,æ•°å­—è‰ºæœ¯,15.00,active,"{""core"": {""media"": {""images"": [{""url"": ""https://images.unsplash.com/photo-1639322537504-6427a16b0a38?w=400"", ""type"": ""thumbnail""}]}}, ""currency"": ""ETH"", ""extensions"": {""chain"": ""ethereum"", ""artist"": ""Digital Artist"", ""rarity"": ""rare"", ""contractAddress"": ""0x0000000000000000000000000000000000000000""}, ""aiCompatible"": {""claude"": {""name"": ""paymind_mint_nft"", ""description"": ""é“¸é€ é“¾ä¸Šèµ„äº§ï¼šæ•°å­—è‰ºæœ¯ NFT - æœªæ¥åŸå¸‚ã€‚é™é‡ç‰ˆæ•°å­—è‰ºæœ¯ NFTï¼Œç”±çŸ¥åæ•°å­—è‰ºæœ¯å®¶åˆ›ä½œï¼Œå±•ç°æœªæ¥åŸå¸‚çš„ç§‘å¹»åœºæ™¯ã€‚"", ""input_schema"": {""type"": ""object"", ""required"": [""product_id"", ""wallet_address"", ""chain""], ""properties"": {""chain"": {""enum"": [""ethereum"", ""polygon"", ""solana"", ""bsc""], ""type"": ""string"", ""description"": ""åŒºå—é“¾ç½‘ç»œ""}, ""product_id"": {""type"": ""string"", ""description"": ""å•†å“IDï¼š50d9e716-9d43-4e51-8af7-3e55984e8414""}, ""wallet_address"": {""type"": ""string"", ""description"": ""æ¥æ”¶NFTçš„é’±åŒ…åœ°å€""}}}}, ""gemini"": {""name"": ""paymind_mint_nft"", ""parameters"": {""type"": ""object"", ""required"": [""product_id"", ""wallet_address"", ""chain""], ""properties"": {""chain"": {""enum"": [""ethereum"", ""polygon"", ""solana"", ""bsc""], ""type"": ""string"", ""description"": ""åŒºå—é“¾ç½‘ç»œ""}, ""product_id"": {""type"": ""string"", ""description"": ""å•†å“IDï¼š50d9e716-9d43-4e51-8af7-3e55984e8414""}, ""wallet_address"": {""type"": ""string"", ""description"": ""æ¥æ”¶NFTçš„é’±åŒ…åœ°å€""}}}, ""description"": ""é“¸é€ é“¾ä¸Šèµ„äº§ï¼šæ•°å­—è‰ºæœ¯ NFT - æœªæ¥åŸå¸‚ã€‚é™é‡ç‰ˆæ•°å­—è‰ºæœ¯ NFTï¼Œç”±çŸ¥åæ•°å­—è‰ºæœ¯å®¶åˆ›ä½œï¼Œå±•ç°æœªæ¥åŸå¸‚çš„ç§‘å¹»åœºæ™¯ã€‚""}, ""openai"": {""function"": {""name"": ""paymind_mint_nft"", ""parameters"": {""type"": ""object"", ""required"": [""product_id"", ""wallet_address"", ""chain""], ""properties"": {""chain"": {""enum"": [""ethereum"", ""polygon"", ""solana"", ""bsc""], ""type"": ""string"", ""description"": ""åŒºå—é“¾ç½‘ç»œ""}, ""product_id"": {""type"": ""string"", ""description"": ""å•†å“IDï¼š50d9e716-9d43-4e51-8af7-3e55984e8414""}, ""wallet_address"": {""type"": ""string"", ""description"": ""æ¥æ”¶NFTçš„é’±åŒ…åœ°å€""}}}, ""description"": ""é“¸é€ é“¾ä¸Šèµ„äº§ï¼šæ•°å­—è‰ºæœ¯ NFT - æœªæ¥åŸå¸‚ã€‚é™é‡ç‰ˆæ•°å­—è‰ºæœ¯ NFTï¼Œç”±çŸ¥åæ•°å­—è‰ºæœ¯å®¶åˆ›ä½œï¼Œå±•ç°æœªæ¥åŸå¸‚çš„ç§‘å¹»åœºæ™¯ã€‚""}}}}",2025-11-30 13:13:18.674029,2025-11-30 13:13:18.711059,nft,,f,,
c0f31306-bdbc-46ca-8412-57c5c13c664d,f9fd7fe9-18eb-4519-806a-7a486be863c9,Converse Chuck Taylor é«˜å¸®å¸†å¸ƒé‹,ç»å…¸é«˜å¸®å¸†å¸ƒé‹ï¼Œç™¾æ­æ—¶å°šï¼Œé€‚åˆå„ç§åœºåˆã€‚,399.00,80,ä¼‘é—²é‹,0.06,active,"{""core"": {""media"": {""images"": [{""url"": ""https://images.unsplash.com/photo-1460353581641-37baddab0fa2?w=400"", ""type"": ""thumbnail""}]}}, ""type"": ""canvas_shoes"", ""brand"": ""Converse"", ""model"": ""Chuck Taylor"", ""sizes"": [""37"", ""38"", ""39"", ""40"", ""41"", ""42"", ""43""], ""colors"": [""é»‘è‰²"", ""ç™½è‰²"", ""çº¢è‰²""], ""currency"": ""CNY""}",2025-12-01 04:15:17.830323,2025-12-01 04:15:17.830323,physical,,f,,
2f89e971-f4f2-4515-987d-61c210fb4139,f9fd7fe9-18eb-4519-806a-7a486be863c9,AirPods Pro 2 æ— çº¿é™å™ªè€³æœº,è‹¹æœä¸»åŠ¨é™å™ªæŠ€æœ¯ï¼Œç©ºé—´éŸ³é¢‘ï¼Œè‡ªé€‚åº”é€šé€æ¨¡å¼ï¼Œæœ€é•¿ 30 å°æ—¶ç»­èˆªã€‚,1899.00,100,è€³æœº,0.10,active,"{""core"": {""media"": {""images"": [{""url"": ""https://images.unsplash.com/photo-1606220945770-b5b6c2c55bf1?w=400"", ""type"": ""thumbnail""}]}}, ""type"": ""wireless_earbuds"", ""brand"": ""Apple"", ""model"": ""AirPods Pro 2"", ""currency"": ""CNY"", ""features"": [""ä¸»åŠ¨é™å™ª"", ""ç©ºé—´éŸ³é¢‘"", ""é€šé€æ¨¡å¼"", ""30å°æ—¶ç»­èˆª""]}",2025-12-01 04:15:17.881501,2025-12-01 04:15:17.881501,physical,,f,,
19dde094-c1bc-41b0-b027-421819d849ad,f9fd7fe9-18eb-4519-806a-7a486be863c9,Sony WH-1000XM5 å¤´æˆ´å¼é™å™ªè€³æœº,ä¸šç•Œé¢†å…ˆçš„é™å™ªæŠ€æœ¯ï¼Œ30 å°æ—¶ç»­èˆªï¼Œæ”¯æŒå¿«é€Ÿå……ç”µï¼ŒHi-Res éŸ³è´¨ã€‚,2999.00,40,è€³æœº,0.10,active,"{""core"": {""media"": {""images"": [{""url"": ""https://images.unsplash.com/photo-1505740420928-5e560c06d30e?w=400"", ""type"": ""thumbnail""}]}}, ""type"": ""over_ear_headphones"", ""brand"": ""Sony"", ""model"": ""WH-1000XM5"", ""currency"": ""CNY"", ""features"": [""ä¸»åŠ¨é™å™ª"", ""30å°æ—¶ç»­èˆª"", ""å¿«é€Ÿå……ç”µ"", ""Hi-Res""]}",2025-12-01 04:15:17.974971,2025-12-01 04:15:17.974971,physical,,f,,
77eae9b1-b8d1-40de-a96e-7a129390ca73,f9fd7fe9-18eb-4519-806a-7a486be863c9,Bose QuietComfort 45 é™å™ªè€³æœº,èˆ’é€‚ä½©æˆ´ï¼Œå“è¶Šé™å™ªï¼Œ20 å°æ—¶ç»­èˆªï¼Œæ”¯æŒå¿«å……ã€‚,2499.00,35,è€³æœº,0.09,active,"{""core"": {""media"": {""images"": [{""url"": ""https://images.unsplash.com/photo-1484704849700-f032a568e944?w=400"", ""type"": ""thumbnail""}]}}, ""type"": ""over_ear_headphones"", ""brand"": ""Bose"", ""model"": ""QuietComfort 45"", ""currency"": ""CNY"", ""features"": [""ä¸»åŠ¨é™å™ª"", ""20å°æ—¶ç»­èˆª"", ""å¿«å……""]}",2025-12-01 04:15:18.050073,2025-12-01 04:15:18.050073,physical,,f,,
f25dae62-4b98-4277-9923-ce465adccdcb,f9fd7fe9-18eb-4519-806a-7a486be863c9,JBL Tune 510BT æ— çº¿å¤´æˆ´å¼è€³æœº,è½»é‡è®¾è®¡ï¼Œ40 å°æ—¶ç»­èˆªï¼Œå¿«é€Ÿå……ç”µï¼ŒJBL çº¯ä½éŸ³éŸ³æ•ˆã€‚,399.00,60,è€³æœº,0.08,active,"{""core"": {""media"": {""images"": [{""url"": ""https://images.unsplash.com/photo-1599669454699-248893623440?w=400"", ""type"": ""thumbnail""}]}}, ""type"": ""over_ear_headphones"", ""brand"": ""JBL"", ""model"": ""Tune 510BT"", ""currency"": ""CNY"", ""features"": [""40å°æ—¶ç»­èˆª"", ""å¿«é€Ÿå……ç”µ"", ""çº¯ä½éŸ³""]}",2025-12-01 04:15:18.112105,2025-12-01 04:15:18.112105,physical,,f,,
3559a5f5-7547-4afa-92e3-2d423c718590,f9fd7fe9-18eb-4519-806a-7a486be863c9,Nike Air Max 2024 è·‘æ­¥é‹,ä¸“ä¸šè·‘æ­¥é‹ï¼Œé‡‡ç”¨ Air Max æ°”å«æŠ€æœ¯ï¼Œæä¾›å“è¶Šçš„ç¼“éœ‡å’Œæ”¯æ’‘ï¼Œé€‚åˆé•¿è·ç¦»è·‘æ­¥ã€‚,899.00,100,è¿åŠ¨é‹,8.00,active,"{""core"": {""media"": {""images"": [{""url"": ""https://images.unsplash.com/photo-1542291026-7eec264c27ff?w=400"", ""type"": ""thumbnail""}]}}, ""currency"": ""CNY"", ""extensions"": {""size"": [""40"", ""41"", ""42"", ""43"", ""44"", ""45""], ""brand"": ""Nike"", ""color"": [""é»‘è‰²"", ""ç™½è‰²"", ""çº¢è‰²""]}, ""aiCompatible"": {""claude"": {""name"": ""paymind_purchase_physical"", ""description"": ""è´­ä¹°å•†å“ï¼šNike Air Max 2024 è·‘æ­¥é‹ã€‚ä¸“ä¸šè·‘æ­¥é‹ï¼Œé‡‡ç”¨ Air Max æ°”å«æŠ€æœ¯ï¼Œæä¾›å“è¶Šçš„ç¼“éœ‡å’Œæ”¯æ’‘ï¼Œé€‚åˆé•¿è·ç¦»è·‘æ­¥ã€‚ ä»·æ ¼ï¼š899.00 CNY"", ""input_schema"": {""type"": ""object"", ""required"": [""product_id"", ""shipping_address""], ""properties"": {""quantity"": {""type"": ""number"", ""minimum"": 1, ""description"": ""è´­ä¹°æ•°é‡""}, ""product_id"": {""type"": ""string"", ""description"": ""å•†å“IDï¼š3559a5f5-7547-4afa-92e3-2d423c718590""}, ""shipping_address"": {""type"": ""string"", ""description"": ""æ”¶è´§åœ°å€ï¼ˆå®ç‰©å•†å“éœ€è¦ï¼‰""}}}}, ""gemini"": {""name"": ""paymind_purchase_physical"", ""parameters"": {""type"": ""object"", ""required"": [""product_id"", ""shipping_address""], ""properties"": {""quantity"": {""type"": ""number"", ""minimum"": 1, ""description"": ""è´­ä¹°æ•°é‡""}, ""product_id"": {""type"": ""string"", ""description"": ""å•†å“IDï¼š3559a5f5-7547-4afa-92e3-2d423c718590""}, ""shipping_address"": {""type"": ""string"", ""description"": ""æ”¶è´§åœ°å€ï¼ˆå®ç‰©å•†å“éœ€è¦ï¼‰""}}}, ""description"": ""è´­ä¹°å•†å“ï¼šNike Air Max 2024 è·‘æ­¥é‹ã€‚ä¸“ä¸šè·‘æ­¥é‹ï¼Œé‡‡ç”¨ Air Max æ°”å«æŠ€æœ¯ï¼Œæä¾›å“è¶Šçš„ç¼“éœ‡å’Œæ”¯æ’‘ï¼Œé€‚åˆé•¿è·ç¦»è·‘æ­¥ã€‚ ä»·æ ¼ï¼š899.00 CNY""}, ""openai"": {""function"": {""name"": ""paymind_purchase_physical"", ""parameters"": {""type"": ""object"", ""required"": [""product_id"", ""shipping_address""], ""properties"": {""quantity"": {""type"": ""number"", ""minimum"": 1, ""description"": ""è´­ä¹°æ•°é‡""}, ""product_id"": {""type"": ""string"", ""description"": ""å•†å“IDï¼š3559a5f5-7547-4afa-92e3-2d423c718590""}, ""shipping_address"": {""type"": ""string"", ""description"": ""æ”¶è´§åœ°å€ï¼ˆå®ç‰©å•†å“éœ€è¦ï¼‰""}}}, ""description"": ""è´­ä¹°å•†å“ï¼šNike Air Max 2024 è·‘æ­¥é‹ã€‚ä¸“ä¸šè·‘æ­¥é‹ï¼Œé‡‡ç”¨ Air Max æ°”å«æŠ€æœ¯ï¼Œæä¾›å“è¶Šçš„ç¼“éœ‡å’Œæ”¯æ’‘ï¼Œé€‚åˆé•¿è·ç¦»è·‘æ­¥ã€‚ ä»·æ ¼ï¼š899.00 CNY""}}}}",2025-11-30 13:13:16.455533,2025-11-30 13:13:16.491304,physical,,f,,
952fb00b-a48e-4139-9163-2c11a511ed38,f9fd7fe9-18eb-4519-806a-7a486be863c9,æ— çº¿è“ç‰™è€³æœº,é«˜å“è´¨æ— çº¿è“ç‰™è€³æœºï¼Œæ”¯æŒä¸»åŠ¨é™å™ªï¼Œç»­èˆª 30 å°æ—¶ï¼Œé€‚åˆæ—¥å¸¸é€šå‹¤å’Œè¿åŠ¨ã€‚,299.00,200,éŸ³é¢‘è®¾å¤‡,7.00,active,"{""core"": {""media"": {""images"": [{""url"": ""https://images.unsplash.com/photo-1505740420928-5e560c06d30e?w=400"", ""type"": ""thumbnail""}]}}, ""currency"": ""CNY"", ""extensions"": {""brand"": ""Sony"", ""features"": [""ä¸»åŠ¨é™å™ª"", ""30å°æ—¶ç»­èˆª"", ""å¿«é€Ÿå……ç”µ""]}, ""aiCompatible"": {""claude"": {""name"": ""paymind_purchase_physical"", ""description"": ""è´­ä¹°å•†å“ï¼šæ— çº¿è“ç‰™è€³æœºã€‚é«˜å“è´¨æ— çº¿è“ç‰™è€³æœºï¼Œæ”¯æŒä¸»åŠ¨é™å™ªï¼Œç»­èˆª 30 å°æ—¶ï¼Œé€‚åˆæ—¥å¸¸é€šå‹¤å’Œè¿åŠ¨ã€‚ ä»·æ ¼ï¼š299.00 CNY"", ""input_schema"": {""type"": ""object"", ""required"": [""product_id"", ""shipping_address""], ""properties"": {""quantity"": {""type"": ""number"", ""minimum"": 1, ""description"": ""è´­ä¹°æ•°é‡""}, ""product_id"": {""type"": ""string"", ""description"": ""å•†å“IDï¼š952fb00b-a48e-4139-9163-2c11a511ed38""}, ""shipping_address"": {""type"": ""string"", ""description"": ""æ”¶è´§åœ°å€ï¼ˆå®ç‰©å•†å“éœ€è¦ï¼‰""}}}}, ""gemini"": {""name"": ""paymind_purchase_physical"", ""parameters"": {""type"": ""object"", ""required"": [""product_id"", ""shipping_address""], ""properties"": {""quantity"": {""type"": ""number"", ""minimum"": 1, ""description"": ""è´­ä¹°æ•°é‡""}, ""product_id"": {""type"": ""string"", ""description"": ""å•†å“IDï¼š952fb00b-a48e-4139-9163-2c11a511ed38""}, ""shipping_address"": {""type"": ""string"", ""description"": ""æ”¶è´§åœ°å€ï¼ˆå®ç‰©å•†å“éœ€è¦ï¼‰""}}}, ""description"": ""è´­ä¹°å•†å“ï¼šæ— çº¿è“ç‰™è€³æœºã€‚é«˜å“è´¨æ— çº¿è“ç‰™è€³æœºï¼Œæ”¯æŒä¸»åŠ¨é™å™ªï¼Œç»­èˆª 30 å°æ—¶ï¼Œé€‚åˆæ—¥å¸¸é€šå‹¤å’Œè¿åŠ¨ã€‚ ä»·æ ¼ï¼š299.00 CNY""}, ""openai"": {""function"": {""name"": ""paymind_purchase_physical"", ""parameters"": {""type"": ""object"", ""required"": [""product_id"", ""shipping_address""], ""properties"": {""quantity"": {""type"": ""number"", ""minimum"": 1, ""description"": ""è´­ä¹°æ•°é‡""}, ""product_id"": {""type"": ""string"", ""description"": ""å•†å“IDï¼š952fb00b-a48e-4139-9163-2c11a511ed38""}, ""shipping_address"": {""type"": ""string"", ""description"": ""æ”¶è´§åœ°å€ï¼ˆå®ç‰©å•†å“éœ€è¦ï¼‰""}}}, ""description"": ""è´­ä¹°å•†å“ï¼šæ— çº¿è“ç‰™è€³æœºã€‚é«˜å“è´¨æ— çº¿è“ç‰™è€³æœºï¼Œæ”¯æŒä¸»åŠ¨é™å™ªï¼Œç»­èˆª 30 å°æ—¶ï¼Œé€‚åˆæ—¥å¸¸é€šå‹¤å’Œè¿åŠ¨ã€‚ ä»·æ ¼ï¼š299.00 CNY""}}}}",2025-11-30 13:13:17.017328,2025-11-30 13:13:17.066012,physical,,f,,
bfaf58a5-17ee-491d-98d0-491b77ceef12,f9fd7fe9-18eb-4519-806a-7a486be863c9,åœ¨çº¿è‹±è¯­ä¸€å¯¹ä¸€è¯¾ç¨‹,ä¸“ä¸šå¤–æ•™ä¸€å¯¹ä¸€è‹±è¯­è¯¾ç¨‹ï¼Œä¸ªæ€§åŒ–æ•™å­¦æ–¹æ¡ˆï¼Œé€‚åˆå„ä¸ªå¹´é¾„æ®µï¼Œæ”¯æŒçµæ´»é¢„çº¦æ—¶é—´ã€‚,199.00,999999,æ•™è‚²æœåŠ¡,10.00,active,"{""core"": {""media"": {""images"": [{""url"": ""https://images.unsplash.com/photo-1522202176988-66273c2fd55f?w=400"", ""type"": ""thumbnail""}]}}, ""currency"": ""CNY"", ""extensions"": {""level"": [""åˆçº§"", ""ä¸­çº§"", ""é«˜çº§""], ""duration"": ""60åˆ†é’Ÿ/èŠ‚"", ""language"": ""è‹±è¯­""}, ""aiCompatible"": {""claude"": {""name"": ""paymind_book_service"", ""description"": ""é¢„çº¦æœåŠ¡ï¼šåœ¨çº¿è‹±è¯­ä¸€å¯¹ä¸€è¯¾ç¨‹ã€‚ä¸“ä¸šå¤–æ•™ä¸€å¯¹ä¸€è‹±è¯­è¯¾ç¨‹ï¼Œä¸ªæ€§åŒ–æ•™å­¦æ–¹æ¡ˆï¼Œé€‚åˆå„ä¸ªå¹´é¾„æ®µï¼Œæ”¯æŒçµæ´»é¢„çº¦æ—¶é—´ã€‚"", ""input_schema"": {""type"": ""object"", ""required"": [""product_id"", ""appointment_time"", ""contact_info""], ""properties"": {""product_id"": {""type"": ""string"", ""description"": ""å•†å“IDï¼šbfaf58a5-17ee-491d-98d0-491b77ceef12""}, ""contact_info"": {""type"": ""string"", ""description"": ""è”ç³»æ–¹å¼""}, ""appointment_time"": {""type"": ""string"", ""description"": ""é¢„çº¦æ—¶é—´ï¼ˆISO 8601æ ¼å¼ï¼‰""}}}}, ""gemini"": {""name"": ""paymind_book_service"", ""parameters"": {""type"": ""object"", ""required"": [""product_id"", ""appointment_time"", ""contact_info""], ""properties"": {""product_id"": {""type"": ""string"", ""description"": ""å•†å“IDï¼šbfaf58a5-17ee-491d-98d0-491b77ceef12""}, ""contact_info"": {""type"": ""string"", ""description"": ""è”ç³»æ–¹å¼""}, ""appointment_time"": {""type"": ""string"", ""description"": ""é¢„çº¦æ—¶é—´ï¼ˆISO 8601æ ¼å¼ï¼‰""}}}, ""description"": ""é¢„çº¦æœåŠ¡ï¼šåœ¨çº¿è‹±è¯­ä¸€å¯¹ä¸€è¯¾ç¨‹ã€‚ä¸“ä¸šå¤–æ•™ä¸€å¯¹ä¸€è‹±è¯­è¯¾ç¨‹ï¼Œä¸ªæ€§åŒ–æ•™å­¦æ–¹æ¡ˆï¼Œé€‚åˆå„ä¸ªå¹´é¾„æ®µï¼Œæ”¯æŒçµæ´»é¢„çº¦æ—¶é—´ã€‚""}, ""openai"": {""function"": {""name"": ""paymind_book_service"", ""parameters"": {""type"": ""object"", ""required"": [""product_id"", ""appointment_time"", ""contact_info""], ""properties"": {""product_id"": {""type"": ""string"", ""description"": ""å•†å“IDï¼šbfaf58a5-17ee-491d-98d0-491b77ceef12""}, ""contact_info"": {""type"": ""string"", ""description"": ""è”ç³»æ–¹å¼""}, ""appointment_time"": {""type"": ""string"", ""description"": ""é¢„çº¦æ—¶é—´ï¼ˆISO 8601æ ¼å¼ï¼‰""}}}, ""description"": ""é¢„çº¦æœåŠ¡ï¼šåœ¨çº¿è‹±è¯­ä¸€å¯¹ä¸€è¯¾ç¨‹ã€‚ä¸“ä¸šå¤–æ•™ä¸€å¯¹ä¸€è‹±è¯­è¯¾ç¨‹ï¼Œä¸ªæ€§åŒ–æ•™å­¦æ–¹æ¡ˆï¼Œé€‚åˆå„ä¸ªå¹´é¾„æ®µï¼Œæ”¯æŒçµæ´»é¢„çº¦æ—¶é—´ã€‚""}}}}",2025-11-30 13:13:17.588537,2025-11-30 13:13:17.615871,service,,f,,
08bc7c27-a6ec-4139-b182-81f863d5052f,f9fd7fe9-18eb-4519-806a-7a486be863c9,ä¸“ä¸šç½‘ç«™è®¾è®¡æœåŠ¡,ä¸ºä¼ä¸šæä¾›ä¸“ä¸šçš„ç½‘ç«™è®¾è®¡å’Œå¼€å‘æœåŠ¡ï¼ŒåŒ…æ‹¬å“åº”å¼è®¾è®¡ã€SEOä¼˜åŒ–ã€åå°ç®¡ç†ç³»ç»Ÿã€‚,5000.00,999999,è®¾è®¡æœåŠ¡,12.00,active,"{""core"": {""media"": {""images"": [{""url"": ""https://images.unsplash.com/photo-1467232004584-a241de8bcf5d?w=400"", ""type"": ""thumbnail""}]}}, ""currency"": ""CNY"", ""extensions"": {""delivery"": ""14-21ä¸ªå·¥ä½œæ—¥"", ""includes"": [""è®¾è®¡"", ""å¼€å‘"", ""éƒ¨ç½²"", ""ç»´æŠ¤""]}, ""aiCompatible"": {""claude"": {""name"": ""paymind_book_service"", ""description"": ""é¢„çº¦æœåŠ¡ï¼šä¸“ä¸šç½‘ç«™è®¾è®¡æœåŠ¡ã€‚ä¸ºä¼ä¸šæä¾›ä¸“ä¸šçš„ç½‘ç«™è®¾è®¡å’Œå¼€å‘æœåŠ¡ï¼ŒåŒ…æ‹¬å“åº”å¼è®¾è®¡ã€SEOä¼˜åŒ–ã€åå°ç®¡ç†ç³»ç»Ÿã€‚"", ""input_schema"": {""type"": ""object"", ""required"": [""product_id"", ""appointment_time"", ""contact_info""], ""properties"": {""product_id"": {""type"": ""string"", ""description"": ""å•†å“IDï¼š08bc7c27-a6ec-4139-b182-81f863d5052f""}, ""contact_info"": {""type"": ""string"", ""description"": ""è”ç³»æ–¹å¼""}, ""appointment_time"": {""type"": ""string"", ""description"": ""é¢„çº¦æ—¶é—´ï¼ˆISO 8601æ ¼å¼ï¼‰""}}}}, ""gemini"": {""name"": ""paymind_book_service"", ""parameters"": {""type"": ""object"", ""required"": [""product_id"", ""appointment_time"", ""contact_info""], ""properties"": {""product_id"": {""type"": ""string"", ""description"": ""å•†å“IDï¼š08bc7c27-a6ec-4139-b182-81f863d5052f""}, ""contact_info"": {""type"": ""string"", ""description"": ""è”ç³»æ–¹å¼""}, ""appointment_time"": {""type"": ""string"", ""description"": ""é¢„çº¦æ—¶é—´ï¼ˆISO 8601æ ¼å¼ï¼‰""}}}, ""description"": ""é¢„çº¦æœåŠ¡ï¼šä¸“ä¸šç½‘ç«™è®¾è®¡æœåŠ¡ã€‚ä¸ºä¼ä¸šæä¾›ä¸“ä¸šçš„ç½‘ç«™è®¾è®¡å’Œå¼€å‘æœåŠ¡ï¼ŒåŒ…æ‹¬å“åº”å¼è®¾è®¡ã€SEOä¼˜åŒ–ã€åå°ç®¡ç†ç³»ç»Ÿã€‚""}, ""openai"": {""function"": {""name"": ""paymind_book_service"", ""parameters"": {""type"": ""object"", ""required"": [""product_id"", ""appointment_time"", ""contact_info""], ""properties"": {""product_id"": {""type"": ""string"", ""description"": ""å•†å“IDï¼š08bc7c27-a6ec-4139-b182-81f863d5052f""}, ""contact_info"": {""type"": ""string"", ""description"": ""è”ç³»æ–¹å¼""}, ""appointment_time"": {""type"": ""string"", ""description"": ""é¢„çº¦æ—¶é—´ï¼ˆISO 8601æ ¼å¼ï¼‰""}}}, ""description"": ""é¢„çº¦æœåŠ¡ï¼šä¸“ä¸šç½‘ç«™è®¾è®¡æœåŠ¡ã€‚ä¸ºä¼ä¸šæä¾›ä¸“ä¸šçš„ç½‘ç«™è®¾è®¡å’Œå¼€å‘æœåŠ¡ï¼ŒåŒ…æ‹¬å“åº”å¼è®¾è®¡ã€SEOä¼˜åŒ–ã€åå°ç®¡ç†ç³»ç»Ÿã€‚""}}}}",2025-11-30 13:13:18.134001,2025-11-30 13:13:18.162542,service,,f,,
a3e6953f-924a-44c3-9ad0-de8fc8523ccf,86ed4906-88eb-4a54-b8f2-15fce6ca65d1,å’¨è¯¢æœåŠ¡,AI å’¨è¯¢,0.10,99,æœåŠ¡,,active,"{""core"": {""media"": {""images"": []}}, ""currency"": ""USDT"", ""extensions"": {""commissionRate"": 3}, ""aiCompatible"": {""claude"": {""name"": ""paymind_purchase_physical"", ""description"": ""è´­ä¹°å•†å“ï¼šå’¨è¯¢æœåŠ¡ã€‚AI å’¨è¯¢ ä»·æ ¼ï¼š0.10 USDT"", ""input_schema"": {""type"": ""object"", ""required"": [""product_id"", ""shipping_address""], ""properties"": {""quantity"": {""type"": ""number"", ""minimum"": 1, ""description"": ""è´­ä¹°æ•°é‡""}, ""product_id"": {""type"": ""string"", ""description"": ""å•†å“IDï¼ša3e6953f-924a-44c3-9ad0-de8fc8523ccf""}, ""shipping_address"": {""type"": ""string"", ""description"": ""æ”¶è´§åœ°å€ï¼ˆå®ç‰©å•†å“éœ€è¦ï¼‰""}}}}, ""gemini"": {""name"": ""paymind_purchase_physical"", ""parameters"": {""type"": ""object"", ""required"": [""product_id"", ""shipping_address""], ""properties"": {""quantity"": {""type"": ""number"", ""minimum"": 1, ""description"": ""è´­ä¹°æ•°é‡""}, ""product_id"": {""type"": ""string"", ""description"": ""å•†å“IDï¼ša3e6953f-924a-44c3-9ad0-de8fc8523ccf""}, ""shipping_address"": {""type"": ""string"", ""description"": ""æ”¶è´§åœ°å€ï¼ˆå®ç‰©å•†å“éœ€è¦ï¼‰""}}}, ""description"": ""è´­ä¹°å•†å“ï¼šå’¨è¯¢æœåŠ¡ã€‚AI å’¨è¯¢ ä»·æ ¼ï¼š0.10 USDT""}, ""openai"": {""function"": {""name"": ""paymind_purchase_physical"", ""parameters"": {""type"": ""object"", ""required"": [""product_id"", ""shipping_address""], ""properties"": {""quantity"": {""type"": ""number"", ""minimum"": 1, ""description"": ""è´­ä¹°æ•°é‡""}, ""product_id"": {""type"": ""string"", ""description"": ""å•†å“IDï¼ša3e6953f-924a-44c3-9ad0-de8fc8523ccf""}, ""shipping_address"": {""type"": ""string"", ""description"": ""æ”¶è´§åœ°å€ï¼ˆå®ç‰©å•†å“éœ€è¦ï¼‰""}}}, ""description"": ""è´­ä¹°å•†å“ï¼šå’¨è¯¢æœåŠ¡ã€‚AI å’¨è¯¢ ä»·æ ¼ï¼š0.10 USDT""}}}, ""typeSpecific"": {}}",2025-11-30 16:06:09.275808,2025-11-30 16:06:09.38681,physical,,f,,
4239e232-46b5-4c9a-969d-ef72fcc9b102,f9fd7fe9-18eb-4519-806a-7a486be863c9,New Balance 574 ä¼‘é—²é‹,ç»å…¸å¤å¤ä¼‘é—²é‹ï¼Œèˆ’é€‚ç™¾æ­ï¼Œé€‚åˆæ—¥å¸¸ç©¿ç€ã€‚,599.00,60,ä¼‘é—²é‹,0.07,active,"{""core"": {""media"": {""images"": [{""url"": ""https://images.unsplash.com/photo-1608231387042-66d1773070a5?w=400"", ""type"": ""thumbnail""}]}}, ""type"": ""casual_shoes"", ""brand"": ""New Balance"", ""model"": ""574"", ""sizes"": [""38"", ""39"", ""40"", ""41"", ""42"", ""43""], ""colors"": [""ç°è‰²"", ""è“è‰²"", ""ç™½è‰²""], ""currency"": ""CNY""}",2025-12-01 04:15:17.735735,2025-12-01 04:15:17.735735,physical,,f,,
399c619a-3dff-4f90-bbad-6b9ba04b7552,f9fd7fe9-18eb-4519-806a-7a486be863c9,Puma RS-X å¤å¤è¿åŠ¨é‹,å¤å¤é£æ ¼è¿åŠ¨é‹ï¼Œåšåº•è®¾è®¡ï¼Œæ—¶å°šæ½®æµã€‚,699.00,45,è¿åŠ¨é‹,0.07,active,"{""core"": {""media"": {""images"": [{""url"": ""https://images.unsplash.com/photo-1549298916-b41d501d3772?w=400"", ""type"": ""thumbnail""}]}}, ""type"": ""sneakers"", ""brand"": ""Puma"", ""model"": ""RS-X"", ""sizes"": [""39"", ""40"", ""41"", ""42"", ""43"", ""44""], ""colors"": [""é»‘è‰²"", ""ç™½è‰²"", ""çº¢è‰²""], ""currency"": ""CNY""}",2025-12-01 04:15:17.775239,2025-12-01 04:15:17.775239,physical,,f,,
c25839ca-1b71-45f3-a243-0a4b1c7aa3a3,86ed4906-88eb-4a54-b8f2-15fce6ca65d1,AI å’¨è¯¢,AI å’¨è¯¢æœåŠ¡,1.00,99,æœåŠ¡,,active,"{""core"": {""media"": {""images"": []}}, ""currency"": ""CNY"", ""extensions"": {""commissionRate"": 3}, ""aiCompatible"": {""claude"": {""name"": ""paymind_purchase_physical"", ""description"": ""è´­ä¹°å•†å“ï¼šAI å’¨è¯¢ã€‚AI å’¨è¯¢æœåŠ¡ ä»·æ ¼ï¼š1.00 CNY"", ""input_schema"": {""type"": ""object"", ""required"": [""product_id"", ""shipping_address""], ""properties"": {""quantity"": {""type"": ""number"", ""minimum"": 1, ""description"": ""è´­ä¹°æ•°é‡""}, ""product_id"": {""type"": ""string"", ""description"": ""å•†å“IDï¼šc25839ca-1b71-45f3-a243-0a4b1c7aa3a3""}, ""shipping_address"": {""type"": ""string"", ""description"": ""æ”¶è´§åœ°å€ï¼ˆå®ç‰©å•†å“éœ€è¦ï¼‰""}}}}, ""gemini"": {""name"": ""paymind_purchase_physical"", ""parameters"": {""type"": ""object"", ""required"": [""product_id"", ""shipping_address""], ""properties"": {""quantity"": {""type"": ""number"", ""minimum"": 1, ""description"": ""è´­ä¹°æ•°é‡""}, ""product_id"": {""type"": ""string"", ""description"": ""å•†å“IDï¼šc25839ca-1b71-45f3-a243-0a4b1c7aa3a3""}, ""shipping_address"": {""type"": ""string"", ""description"": ""æ”¶è´§åœ°å€ï¼ˆå®ç‰©å•†å“éœ€è¦ï¼‰""}}}, ""description"": ""è´­ä¹°å•†å“ï¼šAI å’¨è¯¢ã€‚AI å’¨è¯¢æœåŠ¡ ä»·æ ¼ï¼š1.00 CNY""}, ""openai"": {""function"": {""name"": ""paymind_purchase_physical"", ""parameters"": {""type"": ""object"", ""required"": [""product_id"", ""shipping_address""], ""properties"": {""quantity"": {""type"": ""number"", ""minimum"": 1, ""description"": ""è´­ä¹°æ•°é‡""}, ""product_id"": {""type"": ""string"", ""description"": ""å•†å“IDï¼šc25839ca-1b71-45f3-a243-0a4b1c7aa3a3""}, ""shipping_address"": {""type"": ""string"", ""description"": ""æ”¶è´§åœ°å€ï¼ˆå®ç‰©å•†å“éœ€è¦ï¼‰""}}}, ""description"": ""è´­ä¹°å•†å“ï¼šAI å’¨è¯¢ã€‚AI å’¨è¯¢æœåŠ¡ ä»·æ ¼ï¼š1.00 CNY""}}}, ""typeSpecific"": {}}",2025-11-30 17:36:07.584776,2025-11-30 17:36:07.684717,physical,,f,,
155f1875-7fc8-4a32-876d-af67f3510357,86ed4906-88eb-4a54-b8f2-15fce6ca65d1,AI å’¨è¯¢,math,0.01,99,æœåŠ¡,,active,"{""core"": {""media"": {""images"": []}}, ""currency"": ""USDT"", ""extensions"": {""commissionRate"": 3}, ""aiCompatible"": {""claude"": {""name"": ""paymind_purchase_physical"", ""description"": ""è´­ä¹°å•†å“ï¼šAI å’¨è¯¢ã€‚math ä»·æ ¼ï¼š0.01 USDT"", ""input_schema"": {""type"": ""object"", ""required"": [""product_id"", ""shipping_address""], ""properties"": {""quantity"": {""type"": ""number"", ""minimum"": 1, ""description"": ""è´­ä¹°æ•°é‡""}, ""product_id"": {""type"": ""string"", ""description"": ""å•†å“IDï¼š155f1875-7fc8-4a32-876d-af67f3510357""}, ""shipping_address"": {""type"": ""string"", ""description"": ""æ”¶è´§åœ°å€ï¼ˆå®ç‰©å•†å“éœ€è¦ï¼‰""}}}}, ""gemini"": {""name"": ""paymind_purchase_physical"", ""parameters"": {""type"": ""object"", ""required"": [""product_id"", ""shipping_address""], ""properties"": {""quantity"": {""type"": ""number"", ""minimum"": 1, ""description"": ""è´­ä¹°æ•°é‡""}, ""product_id"": {""type"": ""string"", ""description"": ""å•†å“IDï¼š155f1875-7fc8-4a32-876d-af67f3510357""}, ""shipping_address"": {""type"": ""string"", ""description"": ""æ”¶è´§åœ°å€ï¼ˆå®ç‰©å•†å“éœ€è¦ï¼‰""}}}, ""description"": ""è´­ä¹°å•†å“ï¼šAI å’¨è¯¢ã€‚math ä»·æ ¼ï¼š0.01 USDT""}, ""openai"": {""function"": {""name"": ""paymind_purchase_physical"", ""parameters"": {""type"": ""object"", ""required"": [""product_id"", ""shipping_address""], ""properties"": {""quantity"": {""type"": ""number"", ""minimum"": 1, ""description"": ""è´­ä¹°æ•°é‡""}, ""product_id"": {""type"": ""string"", ""description"": ""å•†å“IDï¼š155f1875-7fc8-4a32-876d-af67f3510357""}, ""shipping_address"": {""type"": ""string"", ""description"": ""æ”¶è´§åœ°å€ï¼ˆå®ç‰©å•†å“éœ€è¦ï¼‰""}}}, ""description"": ""è´­ä¹°å•†å“ï¼šAI å’¨è¯¢ã€‚math ä»·æ ¼ï¼š0.01 USDT""}}}, ""typeSpecific"": {}}",2025-11-30 17:37:07.262681,2025-11-30 17:37:07.285972,physical,,f,,
62bde7e0-7678-4418-a790-072776e89153,86ed4906-88eb-4a54-b8f2-15fce6ca65d1,AI å’¨è¯¢æœåŠ¡,mcp,0.05,999999,æœåŠ¡,,active,"{""core"": {""media"": {""images"": []}}, ""currency"": ""USD"", ""extensions"": {""commissionRate"": 5}, ""aiCompatible"": {""claude"": {""name"": ""paymind_book_service"", ""description"": ""é¢„çº¦æœåŠ¡ï¼šAI å’¨è¯¢æœåŠ¡ã€‚mcp"", ""input_schema"": {""type"": ""object"", ""required"": [""product_id"", ""appointment_time"", ""contact_info""], ""properties"": {""product_id"": {""type"": ""string"", ""description"": ""å•†å“IDï¼š62bde7e0-7678-4418-a790-072776e89153""}, ""contact_info"": {""type"": ""string"", ""description"": ""è”ç³»æ–¹å¼""}, ""appointment_time"": {""type"": ""string"", ""description"": ""é¢„çº¦æ—¶é—´ï¼ˆISO 8601æ ¼å¼ï¼‰""}}}}, ""gemini"": {""name"": ""paymind_book_service"", ""parameters"": {""type"": ""object"", ""required"": [""product_id"", ""appointment_time"", ""contact_info""], ""properties"": {""product_id"": {""type"": ""string"", ""description"": ""å•†å“IDï¼š62bde7e0-7678-4418-a790-072776e89153""}, ""contact_info"": {""type"": ""string"", ""description"": ""è”ç³»æ–¹å¼""}, ""appointment_time"": {""type"": ""string"", ""description"": ""é¢„çº¦æ—¶é—´ï¼ˆISO 8601æ ¼å¼ï¼‰""}}}, ""description"": ""é¢„çº¦æœåŠ¡ï¼šAI å’¨è¯¢æœåŠ¡ã€‚mcp""}, ""openai"": {""function"": {""name"": ""paymind_book_service"", ""parameters"": {""type"": ""object"", ""required"": [""product_id"", ""appointment_time"", ""contact_info""], ""properties"": {""product_id"": {""type"": ""string"", ""description"": ""å•†å“IDï¼š62bde7e0-7678-4418-a790-072776e89153""}, ""contact_info"": {""type"": ""string"", ""description"": ""è”ç³»æ–¹å¼""}, ""appointment_time"": {""type"": ""string"", ""description"": ""é¢„çº¦æ—¶é—´ï¼ˆISO 8601æ ¼å¼ï¼‰""}}}, ""description"": ""é¢„çº¦æœåŠ¡ï¼šAI å’¨è¯¢æœåŠ¡ã€‚mcp""}}}, ""typeSpecific"": {}}",2025-11-30 17:38:03.038971,2025-11-30 17:38:03.069657,service,,f,,
95229321-4269-4570-8363-9199701b04e1,86ed4906-88eb-4a54-b8f2-15fce6ca65d1,Apark,å®¶åº­æ¡Œé¢ç®—åŠ›/æ•°æ®ä¸­å¿ƒ,0.10,99,å®ç‰©,,active,"{""core"": {""media"": {""images"": []}}, ""currency"": ""USDT"", ""extensions"": {""commissionRate"": 3}, ""aiCompatible"": {""claude"": {""name"": ""paymind_purchase_physical"", ""description"": ""è´­ä¹°å•†å“ï¼šAparkã€‚å®¶åº­æ¡Œé¢ç®—åŠ›/æ•°æ®ä¸­å¿ƒ ä»·æ ¼ï¼š0.10 USDT"", ""input_schema"": {""type"": ""object"", ""required"": [""product_id"", ""shipping_address""], ""properties"": {""quantity"": {""type"": ""number"", ""minimum"": 1, ""description"": ""è´­ä¹°æ•°é‡""}, ""product_id"": {""type"": ""string"", ""description"": ""å•†å“IDï¼š95229321-4269-4570-8363-9199701b04e1""}, ""shipping_address"": {""type"": ""string"", ""description"": ""æ”¶è´§åœ°å€ï¼ˆå®ç‰©å•†å“éœ€è¦ï¼‰""}}}}, ""gemini"": {""name"": ""paymind_purchase_physical"", ""parameters"": {""type"": ""object"", ""required"": [""product_id"", ""shipping_address""], ""properties"": {""quantity"": {""type"": ""number"", ""minimum"": 1, ""description"": ""è´­ä¹°æ•°é‡""}, ""product_id"": {""type"": ""string"", ""description"": ""å•†å“IDï¼š95229321-4269-4570-8363-9199701b04e1""}, ""shipping_address"": {""type"": ""string"", ""description"": ""æ”¶è´§åœ°å€ï¼ˆå®ç‰©å•†å“éœ€è¦ï¼‰""}}}, ""description"": ""è´­ä¹°å•†å“ï¼šAparkã€‚å®¶åº­æ¡Œé¢ç®—åŠ›/æ•°æ®ä¸­å¿ƒ ä»·æ ¼ï¼š0.10 USDT""}, ""openai"": {""function"": {""name"": ""paymind_purchase_physical"", ""parameters"": {""type"": ""object"", ""required"": [""product_id"", ""shipping_address""], ""properties"": {""quantity"": {""type"": ""number"", ""minimum"": 1, ""description"": ""è´­ä¹°æ•°é‡""}, ""product_id"": {""type"": ""string"", ""description"": ""å•†å“IDï¼š95229321-4269-4570-8363-9199701b04e1""}, ""shipping_address"": {""type"": ""string"", ""description"": ""æ”¶è´§åœ°å€ï¼ˆå®ç‰©å•†å“éœ€è¦ï¼‰""}}}, ""description"": ""è´­ä¹°å•†å“ï¼šAparkã€‚å®¶åº­æ¡Œé¢ç®—åŠ›/æ•°æ®ä¸­å¿ƒ ä»·æ ¼ï¼š0.10 USDT""}}}, ""typeSpecific"": {}}",2025-11-30 17:39:08.9218,2025-11-30 17:39:08.946685,physical,,f,,
d4b51fd3-a7d2-486a-b64f-c68b9be0b97c,f9fd7fe9-18eb-4519-806a-7a486be863c9,Nike Air Max 270 è·‘æ­¥é‹,ç»å…¸æ°”å«è·‘æ­¥é‹ï¼Œèˆ’é€‚ç¼“éœ‡ï¼Œé€‚åˆæ—¥å¸¸è·‘æ­¥å’Œå¥èº«ã€‚å¤šç§é¢œè‰²å¯é€‰ã€‚,899.00,50,è¿åŠ¨é‹,0.08,active,"{""core"": {""media"": {""images"": [{""url"": ""https://images.unsplash.com/photo-1542291026-7eec264c27ff?w=400"", ""type"": ""thumbnail""}]}}, ""type"": ""running_shoes"", ""brand"": ""Nike"", ""model"": ""Air Max 270"", ""sizes"": [""40"", ""41"", ""42"", ""43"", ""44"", ""45""], ""colors"": [""é»‘è‰²"", ""ç™½è‰²"", ""è“è‰²""], ""currency"": ""CNY""}",2025-12-01 04:15:17.608846,2025-12-01 04:15:17.608846,physical,,f,,
f447100f-1924-425b-852c-d8e53eb5150d,f9fd7fe9-18eb-4519-806a-7a486be863c9,Adidas Ultraboost 22 è¿åŠ¨é‹,Boost ç¼“éœ‡ç§‘æŠ€ï¼ŒPrimeknit é‹é¢ï¼Œæä¾›å“è¶Šçš„èˆ’é€‚æ€§å’Œæ”¯æ’‘æ€§ã€‚,1299.00,35,è¿åŠ¨é‹,0.08,active,"{""core"": {""media"": {""images"": [{""url"": ""https://images.unsplash.com/photo-1606107557195-0e29a4b5b4aa?w=400"", ""type"": ""thumbnail""}]}}, ""type"": ""running_shoes"", ""brand"": ""Adidas"", ""model"": ""Ultraboost 22"", ""sizes"": [""39"", ""40"", ""41"", ""42"", ""43"", ""44""], ""colors"": [""é»‘è‰²"", ""ç™½è‰²""], ""currency"": ""CNY""}",2025-12-01 04:15:17.69189,2025-12-01 04:15:17.69189,physical,,f,,
bfdf2246-b0d2-4ccd-b0dc-8222388490d9,f9fd7fe9-18eb-4519-806a-7a486be863c9,Beats Studio Buds çœŸæ— çº¿è€³æœº,ä¸»åŠ¨é™å™ªï¼Œé€šé€æ¨¡å¼ï¼ŒIPX4 é˜²æ°´ï¼Œæœ€é•¿ 24 å°æ—¶ç»­èˆªã€‚,1099.00,70,è€³æœº,0.09,active,"{""core"": {""media"": {""images"": [{""url"": ""https://images.unsplash.com/photo-1590658268037-6bf12165a8df?w=400"", ""type"": ""thumbnail""}]}}, ""type"": ""wireless_earbuds"", ""brand"": ""Beats"", ""model"": ""Studio Buds"", ""currency"": ""CNY"", ""features"": [""ä¸»åŠ¨é™å™ª"", ""é€šé€æ¨¡å¼"", ""IPX4é˜²æ°´"", ""24å°æ—¶ç»­èˆª""]}",2025-12-01 04:15:18.199461,2025-12-01 04:15:18.199461,physical,,f,,
f6f8419d-cefa-4e7a-836e-20d23a519ebf,f9fd7fe9-18eb-4519-806a-7a486be863c9,iPhone 15 Pro Max 256GB,è‹¹æœæœ€æ–°æ——èˆ°æ‰‹æœºï¼ŒA17 Pro èŠ¯ç‰‡ï¼Œ6.7 è‹±å¯¸ Super Retina XDR æ˜¾ç¤ºå±ï¼Œé’›é‡‘å±è®¾è®¡ï¼Œæ”¯æŒ 5Gã€‚,9999.00,30,æ‰‹æœº,0.05,active,"{""core"": {""media"": {""images"": [{""url"": ""https://images.unsplash.com/photo-1592750475338-74b7b21085ab?w=400"", ""type"": ""thumbnail""}]}}, ""brand"": ""Apple"", ""model"": ""iPhone 15 Pro Max"", ""colors"": [""æ·±ç©ºé»‘è‰²"", ""ç™½è‰²"", ""åŸè‰²é’›é‡‘å±"", ""è“è‰²é’›é‡‘å±""], ""storage"": ""256GB"", ""currency"": ""CNY""}",2025-12-01 04:15:18.26478,2025-12-01 04:15:18.26478,physical,,f,,
5b40ef8c-d870-44f7-bd39-c87377bdaf0d,f9fd7fe9-18eb-4519-806a-7a486be863c9,iPhone 15 Pro Max 512GB,è‹¹æœæœ€æ–°æ——èˆ°æ‰‹æœºï¼ŒA17 Pro èŠ¯ç‰‡ï¼Œ6.7 è‹±å¯¸ Super Retina XDR æ˜¾ç¤ºå±ï¼Œé’›é‡‘å±è®¾è®¡ï¼Œæ”¯æŒ 5Gã€‚,11999.00,25,æ‰‹æœº,0.05,active,"{""core"": {""media"": {""images"": [{""url"": ""https://images.unsplash.com/photo-1592750475338-74b7b21085ab?w=400"", ""type"": ""thumbnail""}]}}, ""brand"": ""Apple"", ""model"": ""iPhone 15 Pro Max"", ""colors"": [""æ·±ç©ºé»‘è‰²"", ""ç™½è‰²"", ""åŸè‰²é’›é‡‘å±"", ""è“è‰²é’›é‡‘å±""], ""storage"": ""512GB"", ""currency"": ""CNY""}",2025-12-01 04:15:18.323261,2025-12-01 04:15:18.323261,physical,,f,,
0acce0d6-5951-465a-986f-fb705102651c,f9fd7fe9-18eb-4519-806a-7a486be863c9,iPhone 15 Pro Max 1TB,è‹¹æœæœ€æ–°æ——èˆ°æ‰‹æœºï¼ŒA17 Pro èŠ¯ç‰‡ï¼Œ6.7 è‹±å¯¸ Super Retina XDR æ˜¾ç¤ºå±ï¼Œé’›é‡‘å±è®¾è®¡ï¼Œæ”¯æŒ 5Gã€‚,13999.00,20,æ‰‹æœº,0.05,active,"{""core"": {""media"": {""images"": [{""url"": ""https://images.unsplash.com/photo-1592750475338-74b7b21085ab?w=400"", ""type"": ""thumbnail""}]}}, ""brand"": ""Apple"", ""model"": ""iPhone 15 Pro Max"", ""colors"": [""æ·±ç©ºé»‘è‰²"", ""ç™½è‰²"", ""åŸè‰²é’›é‡‘å±"", ""è“è‰²é’›é‡‘å±""], ""storage"": ""1TB"", ""currency"": ""CNY""}",2025-12-01 04:15:18.387428,2025-12-01 04:15:18.387428,physical,,f,,
ddb3cbda-e750-4124-bc7d-3be58986a238,f9fd7fe9-18eb-4519-806a-7a486be863c9,iPhone 15 Pro Max 256GB (å®˜æ–¹ç¿»æ–°),è‹¹æœå®˜æ–¹ç¿»æ–° iPhone 15 Pro Maxï¼Œç»è¿‡ä¸¥æ ¼æ£€æµ‹ï¼Œäº«å—å®˜æ–¹ä¿ä¿®ã€‚,8499.00,15,æ‰‹æœº,0.05,active,"{""core"": {""media"": {""images"": [{""url"": ""https://images.unsplash.com/photo-1592750475338-74b7b21085ab?w=400"", ""type"": ""thumbnail""}]}}, ""brand"": ""Apple"", ""model"": ""iPhone 15 Pro Max"", ""colors"": [""æ·±ç©ºé»‘è‰²"", ""ç™½è‰²""], ""storage"": ""256GB"", ""currency"": ""CNY"", ""condition"": ""refurbished""}",2025-12-01 04:15:18.479944,2025-12-01 04:15:18.479944,physical,,f,,
51c39760-a57e-4aa7-b435-b8b64931de74,f9fd7fe9-18eb-4519-806a-7a486be863c9,iPhone 15 Pro Max 512GB (å®˜æ–¹ç¿»æ–°),è‹¹æœå®˜æ–¹ç¿»æ–° iPhone 15 Pro Maxï¼Œç»è¿‡ä¸¥æ ¼æ£€æµ‹ï¼Œäº«å—å®˜æ–¹ä¿ä¿®ã€‚,10499.00,12,æ‰‹æœº,0.05,active,"{""core"": {""media"": {""images"": [{""url"": ""https://images.unsplash.com/photo-1592750475338-74b7b21085ab?w=400"", ""type"": ""thumbnail""}]}}, ""brand"": ""Apple"", ""model"": ""iPhone 15 Pro Max"", ""colors"": [""æ·±ç©ºé»‘è‰²"", ""ç™½è‰²""], ""storage"": ""512GB"", ""currency"": ""CNY"", ""condition"": ""refurbished""}",2025-12-01 04:15:18.605924,2025-12-01 04:15:18.605924,physical,,f,,
e7d4dcd5-abcc-4a86-ad74-e1c337962fd6,f9fd7fe9-18eb-4519-806a-7a486be863c9,iPhone 15 128GB,è‹¹æœ iPhone 15ï¼ŒA16 ä»¿ç”ŸèŠ¯ç‰‡ï¼Œ6.1 è‹±å¯¸ Super Retina XDR æ˜¾ç¤ºå±ï¼Œæ”¯æŒ 5Gã€‚,5999.00,50,æ‰‹æœº,0.05,active,"{""core"": {""media"": {""images"": [{""url"": ""https://images.unsplash.com/photo-1592750475338-74b7b21085ab?w=400"", ""type"": ""thumbnail""}]}}, ""brand"": ""Apple"", ""model"": ""iPhone 15"", ""colors"": [""ç²‰è‰²"", ""é»„è‰²"", ""ç»¿è‰²"", ""è“è‰²"", ""é»‘è‰²""], ""storage"": ""128GB"", ""currency"": ""CNY""}",2025-12-01 04:15:18.669461,2025-12-01 04:15:18.669461,physical,,f,,
db5106eb-3613-4f19-9c97-66f845e43e37,f9fd7fe9-18eb-4519-806a-7a486be863c9,iPhone 15 256GB,è‹¹æœ iPhone 15ï¼ŒA16 ä»¿ç”ŸèŠ¯ç‰‡ï¼Œ6.1 è‹±å¯¸ Super Retina XDR æ˜¾ç¤ºå±ï¼Œæ”¯æŒ 5Gã€‚,6999.00,45,æ‰‹æœº,0.05,active,"{""core"": {""media"": {""images"": [{""url"": ""https://images.unsplash.com/photo-1592750475338-74b7b21085ab?w=400"", ""type"": ""thumbnail""}]}}, ""brand"": ""Apple"", ""model"": ""iPhone 15"", ""colors"": [""ç²‰è‰²"", ""é»„è‰²"", ""ç»¿è‰²"", ""è“è‰²"", ""é»‘è‰²""], ""storage"": ""256GB"", ""currency"": ""CNY""}",2025-12-01 04:15:18.749531,2025-12-01 04:15:18.749531,physical,,f,,
57f8c838-9827-49d7-900d-c3a53ae7d5df,f9fd7fe9-18eb-4519-806a-7a486be863c9,iPhone 15 512GB,è‹¹æœ iPhone 15ï¼ŒA16 ä»¿ç”ŸèŠ¯ç‰‡ï¼Œ6.1 è‹±å¯¸ Super Retina XDR æ˜¾ç¤ºå±ï¼Œæ”¯æŒ 5Gã€‚,8999.00,30,æ‰‹æœº,0.05,active,"{""core"": {""media"": {""images"": [{""url"": ""https://images.unsplash.com/photo-1592750475338-74b7b21085ab?w=400"", ""type"": ""thumbnail""}]}}, ""brand"": ""Apple"", ""model"": ""iPhone 15"", ""colors"": [""ç²‰è‰²"", ""é»„è‰²"", ""ç»¿è‰²"", ""è“è‰²"", ""é»‘è‰²""], ""storage"": ""512GB"", ""currency"": ""CNY""}",2025-12-01 04:15:18.798063,2025-12-01 04:15:18.798063,physical,,f,,
35cd11b7-afde-426e-bae8-49bde9b08f20,f9fd7fe9-18eb-4519-806a-7a486be863c9,iPhone 15 128GB (å®˜æ–¹ç¿»æ–°),è‹¹æœå®˜æ–¹ç¿»æ–° iPhone 15ï¼Œç»è¿‡ä¸¥æ ¼æ£€æµ‹ï¼Œäº«å—å®˜æ–¹ä¿ä¿®ã€‚,5199.00,25,æ‰‹æœº,0.05,active,"{""core"": {""media"": {""images"": [{""url"": ""https://images.unsplash.com/photo-1592750475338-74b7b21085ab?w=400"", ""type"": ""thumbnail""}]}}, ""brand"": ""Apple"", ""model"": ""iPhone 15"", ""colors"": [""ç²‰è‰²"", ""è“è‰²"", ""é»‘è‰²""], ""storage"": ""128GB"", ""currency"": ""CNY"", ""condition"": ""refurbished""}",2025-12-01 04:15:18.847753,2025-12-01 04:15:18.847753,physical,,f,,
4c2fae0a-a712-437a-9c5d-3dbed40c81a4,f9fd7fe9-18eb-4519-806a-7a486be863c9,iPhone 15 256GB (å®˜æ–¹ç¿»æ–°),è‹¹æœå®˜æ–¹ç¿»æ–° iPhone 15ï¼Œç»è¿‡ä¸¥æ ¼æ£€æµ‹ï¼Œäº«å—å®˜æ–¹ä¿ä¿®ã€‚,6199.00,20,æ‰‹æœº,0.05,active,"{""core"": {""media"": {""images"": [{""url"": ""https://images.unsplash.com/photo-1592750475338-74b7b21085ab?w=400"", ""type"": ""thumbnail""}]}}, ""brand"": ""Apple"", ""model"": ""iPhone 15"", ""colors"": [""ç²‰è‰²"", ""è“è‰²"", ""é»‘è‰²""], ""storage"": ""256GB"", ""currency"": ""CNY"", ""condition"": ""refurbished""}",2025-12-01 04:15:18.902091,2025-12-01 04:15:18.902091,physical,,f,,
16137c76-3ff1-4102-a4ee-f5073877c22c,f9fd7fe9-18eb-4519-806a-7a486be863c9,TP-Link AX6000 WiFi 6 è·¯ç”±å™¨,åŒé¢‘ WiFi 6ï¼Œ8 æµå¹¶å‘ï¼Œæ”¯æŒ MU-MIMOï¼Œè¦†ç›–èŒƒå›´å¹¿ï¼Œé€‚åˆå¤§æˆ·å‹ã€‚,899.00,40,è·¯ç”±å™¨,0.08,active,"{""core"": {""media"": {""images"": [{""url"": ""https://images.unsplash.com/photo-1609081219090-a6d81d3085bf?w=400"", ""type"": ""thumbnail""}]}}, ""type"": ""wifi6_router"", ""brand"": ""TP-Link"", ""model"": ""AX6000"", ""currency"": ""CNY"", ""features"": [""WiFi 6"", ""8æµå¹¶å‘"", ""MU-MIMO"", ""å¤§è¦†ç›–""]}",2025-12-01 04:15:18.953335,2025-12-01 04:15:18.953335,physical,,f,,
79e013a2-278e-4405-8698-cdfd406b1722,f9fd7fe9-18eb-4519-806a-7a486be863c9,å°ç±³ AX9000 WiFi 6E ä¸‰é¢‘è·¯ç”±å™¨,WiFi 6E ä¸‰é¢‘ï¼Œ12 æµå¹¶å‘ï¼Œæ”¯æŒ Mesh ç»„ç½‘ï¼Œæ¸¸æˆåŠ é€Ÿã€‚,1299.00,30,è·¯ç”±å™¨,0.08,active,"{""core"": {""media"": {""images"": [{""url"": ""https://images.unsplash.com/photo-1609081219090-a6d81d3085bf?w=400"", ""type"": ""thumbnail""}]}}, ""type"": ""wifi6e_router"", ""brand"": ""å°ç±³"", ""model"": ""AX9000"", ""currency"": ""CNY"", ""features"": [""WiFi 6E"", ""ä¸‰é¢‘"", ""12æµå¹¶å‘"", ""Meshç»„ç½‘"", ""æ¸¸æˆåŠ é€Ÿ""]}",2025-12-01 04:15:18.99125,2025-12-01 04:15:18.99125,physical,,f,,
18352128-289b-4056-ab9d-a7f0d448fd4a,f9fd7fe9-18eb-4519-806a-7a486be863c9,åä¸º AX3 Pro WiFi 6+ è·¯ç”±å™¨,WiFi 6+ æŠ€æœ¯ï¼Œ4 æ ¸ CPUï¼Œæ”¯æŒ Mesh ç»„ç½‘ï¼Œæ™ºèƒ½å®¶å±…ä¼˜åŒ–ã€‚,399.00,60,è·¯ç”±å™¨,0.07,active,"{""core"": {""media"": {""images"": [{""url"": ""https://images.unsplash.com/photo-1609081219090-a6d81d3085bf?w=400"", ""type"": ""thumbnail""}]}}, ""type"": ""wifi6_router"", ""brand"": ""åä¸º"", ""model"": ""AX3 Pro"", ""currency"": ""CNY"", ""features"": [""WiFi 6+"", ""4æ ¸CPU"", ""Meshç»„ç½‘"", ""æ™ºèƒ½å®¶å±…ä¼˜åŒ–""]}",2025-12-01 04:15:19.040473,2025-12-01 04:15:19.040473,physical,,f,,
0cbf86fb-5e4e-4812-86f4-060367b8f543,f9fd7fe9-18eb-4519-806a-7a486be863c9,åç¡• RT-AX86U WiFi 6 æ¸¸æˆè·¯ç”±å™¨,WiFi 6ï¼Œæ¸¸æˆåŠ é€Ÿï¼ŒAiMesh 2.0ï¼Œæ”¯æŒ VPNï¼Œé€‚åˆæ¸¸æˆç©å®¶ã€‚,1499.00,25,è·¯ç”±å™¨,0.09,active,"{""core"": {""media"": {""images"": [{""url"": ""https://images.unsplash.com/photo-1609081219090-a6d81d3085bf?w=400"", ""type"": ""thumbnail""}]}}, ""type"": ""gaming_router"", ""brand"": ""åç¡•"", ""model"": ""RT-AX86U"", ""currency"": ""CNY"", ""features"": [""WiFi 6"", ""æ¸¸æˆåŠ é€Ÿ"", ""AiMesh 2.0"", ""VPNæ”¯æŒ""]}",2025-12-01 04:15:19.097358,2025-12-01 04:15:19.097358,physical,,f,,
2c0083dd-62b7-4cb4-b6e5-e3671b7c22d9,f9fd7fe9-18eb-4519-806a-7a486be863c9,ç½‘ä»¶ Nighthawk AX8 WiFi 6 è·¯ç”±å™¨,WiFi 6ï¼Œ8 æµå¹¶å‘ï¼Œæ”¯æŒ MU-MIMOï¼Œæ™ºèƒ½ QoSï¼Œé€‚åˆå®¶åº­å’ŒåŠå…¬ã€‚,1799.00,20,è·¯ç”±å™¨,0.09,active,"{""core"": {""media"": {""images"": [{""url"": ""https://images.unsplash.com/photo-1609081219090-a6d81d3085bf?w=400"", ""type"": ""thumbnail""}]}}, ""type"": ""wifi6_router"", ""brand"": ""ç½‘ä»¶"", ""model"": ""Nighthawk AX8"", ""currency"": ""CNY"", ""features"": [""WiFi 6"", ""8æµå¹¶å‘"", ""MU-MIMO"", ""æ™ºèƒ½QoS""]}",2025-12-01 04:15:19.141641,2025-12-01 04:15:19.141641,physical,,f,,
ee21d4d7-3469-42b9-b383-a4b0bb5a8a6e,f9fd7fe9-18eb-4519-806a-7a486be863c9,MacBook Pro 14è‹±å¯¸ M3 Pro èŠ¯ç‰‡,14 è‹±å¯¸ Liquid Retina XDR æ˜¾ç¤ºå±ï¼ŒM3 Pro èŠ¯ç‰‡ï¼Œ18 å°æ—¶ç»­èˆªï¼Œé€‚åˆä¸“ä¸šåˆ›ä½œã€‚,16999.00,20,ç¬”è®°æœ¬ç”µè„‘,0.05,active,"{""cpu"": ""M3 Pro"", ""ram"": ""18GB"", ""core"": {""media"": {""images"": [{""url"": ""https://images.unsplash.com/photo-1517336714731-489689fd1ca8?w=400"", ""type"": ""thumbnail""}]}}, ""brand"": ""Apple"", ""model"": ""MacBook Pro 14\"""", ""screen"": ""14è‹±å¯¸ Liquid Retina XDR"", ""storage"": ""512GB SSD"", ""currency"": ""CNY""}",2025-12-01 04:15:19.203186,2025-12-01 04:15:19.203186,physical,,f,,
32b277a5-6730-4939-a1de-a023fb6f3d17,f9fd7fe9-18eb-4519-806a-7a486be863c9,MacBook Air 13è‹±å¯¸ M2 èŠ¯ç‰‡,13.6 è‹±å¯¸ Liquid Retina æ˜¾ç¤ºå±ï¼ŒM2 èŠ¯ç‰‡ï¼Œ18 å°æ—¶ç»­èˆªï¼Œè½»è–„ä¾¿æºã€‚,9999.00,35,ç¬”è®°æœ¬ç”µè„‘,0.05,active,"{""cpu"": ""M2"", ""ram"": ""8GB"", ""core"": {""media"": {""images"": [{""url"": ""https://images.unsplash.com/photo-1517336714731-489689fd1ca8?w=400"", ""type"": ""thumbnail""}]}}, ""brand"": ""Apple"", ""model"": ""MacBook Air 13\"""", ""screen"": ""13.6è‹±å¯¸ Liquid Retina"", ""storage"": ""256GB SSD"", ""currency"": ""CNY""}",2025-12-01 04:15:19.274693,2025-12-01 04:15:19.274693,physical,,f,,
9c33c3b9-740f-47d6-9d76-e720f17c8f09,f9fd7fe9-18eb-4519-806a-7a486be863c9,è”æƒ³ ThinkPad X1 Carbon 14è‹±å¯¸,14 è‹±å¯¸ 2.8K æ˜¾ç¤ºå±ï¼ŒIntel i7-1355Uï¼Œ16GB å†…å­˜ï¼Œ512GB SSDï¼Œå•†åŠ¡è½»è–„æœ¬ã€‚,11999.00,25,ç¬”è®°æœ¬ç”µè„‘,0.06,active,"{""cpu"": ""Intel i7-1355U"", ""ram"": ""16GB"", ""core"": {""media"": {""images"": [{""url"": ""https://images.unsplash.com/photo-1496181133206-80ce9b88a853?w=400"", ""type"": ""thumbnail""}]}}, ""brand"": ""è”æƒ³"", ""model"": ""ThinkPad X1 Carbon"", ""screen"": ""14è‹±å¯¸ 2.8K"", ""storage"": ""512GB SSD"", ""currency"": ""CNY""}",2025-12-01 04:15:19.322994,2025-12-01 04:15:19.322994,physical,,f,,
18b263e6-c1db-4c2f-a454-b5f0b598ac7d,f9fd7fe9-18eb-4519-806a-7a486be863c9,æˆ´å°” XPS 13 Plus 13.4è‹±å¯¸,13.4 è‹±å¯¸ OLED è§¦æ§å±ï¼ŒIntel i7-1360Pï¼Œ16GB å†…å­˜ï¼Œ512GB SSDï¼Œè¶…è–„è®¾è®¡ã€‚,12999.00,18,ç¬”è®°æœ¬ç”µè„‘,0.06,active,"{""cpu"": ""Intel i7-1360P"", ""ram"": ""16GB"", ""core"": {""media"": {""images"": [{""url"": ""https://images.unsplash.com/photo-1496181133206-80ce9b88a853?w=400"", ""type"": ""thumbnail""}]}}, ""brand"": ""æˆ´å°”"", ""model"": ""XPS 13 Plus"", ""screen"": ""13.4è‹±å¯¸ OLED è§¦æ§"", ""storage"": ""512GB SSD"", ""currency"": ""CNY""}",2025-12-01 04:15:19.371593,2025-12-01 04:15:19.371593,physical,,f,,
f6570c9f-dadc-41c6-b8a2-adb757ff27d7,f9fd7fe9-18eb-4519-806a-7a486be863c9,åç¡• ROG å¹»16 16è‹±å¯¸ æ¸¸æˆæœ¬,16 è‹±å¯¸ 2.5K 165Hz æ˜¾ç¤ºå±ï¼ŒIntel i9-13900Hï¼ŒRTX 4060ï¼Œ32GB å†…å­˜ï¼Œ1TB SSDã€‚,12999.00,15,æ¸¸æˆæœ¬,0.07,active,"{""cpu"": ""Intel i9-13900H"", ""gpu"": ""RTX 4060"", ""ram"": ""32GB"", ""core"": {""media"": {""images"": [{""url"": ""https://images.unsplash.com/photo-1496181133206-80ce9b88a853?w=400"", ""type"": ""thumbnail""}]}}, ""brand"": ""åç¡•"", ""model"": ""ROG å¹»16"", ""screen"": ""16è‹±å¯¸ 2.5K 165Hz"", ""storage"": ""1TB SSD"", ""currency"": ""CNY""}",2025-12-01 04:15:19.429202,2025-12-01 04:15:19.429202,physical,,f,,
65b954f5-a792-4a11-bf72-9637c7ad768b,f9fd7fe9-18eb-4519-806a-7a486be863c9,iPad Pro 12.9è‹±å¯¸ M2 èŠ¯ç‰‡,12.9 è‹±å¯¸ Liquid Retina XDR æ˜¾ç¤ºå±ï¼ŒM2 èŠ¯ç‰‡ï¼Œæ”¯æŒ Apple Pencilï¼Œé€‚åˆåˆ›ä½œå’ŒåŠå…¬ã€‚,8999.00,30,å¹³æ¿ç”µè„‘,0.05,active,"{""cpu"": ""M2"", ""core"": {""media"": {""images"": [{""url"": ""https://images.unsplash.com/photo-1544244015-0df4b3ffc6b0?w=400"", ""type"": ""thumbnail""}]}}, ""brand"": ""Apple"", ""model"": ""iPad Pro 12.9\"""", ""screen"": ""12.9è‹±å¯¸ Liquid Retina XDR"", ""storage"": ""256GB"", ""currency"": ""CNY""}",2025-12-01 04:15:19.475528,2025-12-01 04:15:19.475528,physical,,f,,
487ece56-5629-4010-ac17-bdaef6ea8f81,f9fd7fe9-18eb-4519-806a-7a486be863c9,Apple Watch Series 9 GPS ç‰ˆ,45mm è¡¨ç›˜ï¼ŒS9 èŠ¯ç‰‡ï¼Œå…¨å¤©å€™å¥åº·ç›‘æµ‹ï¼Œæ”¯æŒè¡€æ°§æ£€æµ‹ï¼Œ18 å°æ—¶ç»­èˆªã€‚,2999.00,50,æ™ºèƒ½æ‰‹è¡¨,0.05,active,"{""core"": {""media"": {""images"": [{""url"": ""https://images.unsplash.com/photo-1523275335684-37898b6baf30?w=400"", ""type"": ""thumbnail""}]}}, ""size"": ""45mm"", ""brand"": ""Apple"", ""model"": ""Apple Watch Series 9"", ""currency"": ""CNY"", ""features"": [""å¥åº·ç›‘æµ‹"", ""è¡€æ°§æ£€æµ‹"", ""GPS"", ""18å°æ—¶ç»­èˆª""]}",2025-12-01 04:15:19.509106,2025-12-01 04:15:19.509106,physical,,f,,
2a8cea62-c1a6-4c4e-9673-4273c7f1711e,f9fd7fe9-18eb-4519-806a-7a486be863c9,Switch OLED æ¸¸æˆä¸»æœº,7 è‹±å¯¸ OLED æ˜¾ç¤ºå±ï¼Œ64GB å­˜å‚¨ï¼Œæ”¯æŒ TV æ¨¡å¼ã€æ¡Œé¢æ¨¡å¼å’ŒæŒæœºæ¨¡å¼ã€‚,2099.00,40,æ¸¸æˆä¸»æœº,0.08,active,"{""core"": {""media"": {""images"": [{""url"": ""https://images.unsplash.com/photo-1606144042614-b2417e99c4e3?w=400"", ""type"": ""thumbnail""}]}}, ""brand"": ""Nintendo"", ""model"": ""Switch OLED"", ""screen"": ""7è‹±å¯¸ OLED"", ""storage"": ""64GB"", ""currency"": ""CNY"", ""features"": [""TVæ¨¡å¼"", ""æ¡Œé¢æ¨¡å¼"", ""æŒæœºæ¨¡å¼""]}",2025-12-01 04:15:19.560858,2025-12-01 04:15:19.560858,physical,,f,,
156c183d-3966-44dd-99ec-d61a85581587,f9fd7fe9-18eb-4519-806a-7a486be863c9,Kindle Paperwhite ç”µå­ä¹¦é˜…è¯»å™¨,6.8 è‹±å¯¸ 300ppi æ˜¾ç¤ºå±ï¼Œ32GB å­˜å‚¨ï¼ŒIPX8 é˜²æ°´ï¼Œ6 å‘¨ç»­èˆªï¼Œå†…ç½®é˜…è¯»ç¯ã€‚,999.00,60,ç”µå­é˜…è¯»å™¨,0.07,active,"{""core"": {""media"": {""images"": [{""url"": ""https://images.unsplash.com/photo-1544947950-fa07a98d237f?w=400"", ""type"": ""thumbnail""}]}}, ""brand"": ""Amazon"", ""model"": ""Kindle Paperwhite"", ""screen"": ""6.8è‹±å¯¸ 300ppi"", ""storage"": ""32GB"", ""currency"": ""CNY"", ""features"": [""IPX8é˜²æ°´"", ""6å‘¨ç»­èˆª"", ""å†…ç½®é˜…è¯»ç¯""]}",2025-12-01 04:15:19.605037,2025-12-01 04:15:19.605037,physical,,f,,
57490ef5-7322-48dd-b760-229f80923852,f9fd7fe9-18eb-4519-806a-7a486be863c9,DJI Mini 4 Pro æ— äººæœº,4K 60fps è§†é¢‘ï¼Œä¸‰å‘é¿éšœï¼Œ48MP ç…§ç‰‡ï¼Œ34 åˆ†é’Ÿç»­èˆªï¼Œæ”¯æŒ O4 å›¾ä¼ ã€‚,6999.00,20,æ— äººæœº,0.10,active,"{""core"": {""media"": {""images"": [{""url"": ""https://images.unsplash.com/photo-1473968512647-3e447244af8f?w=400"", ""type"": ""thumbnail""}]}}, ""brand"": ""DJI"", ""model"": ""Mini 4 Pro"", ""video"": ""4K 60fps"", ""camera"": ""48MP"", ""currency"": ""CNY"", ""features"": [""ä¸‰å‘é¿éšœ"", ""34åˆ†é’Ÿç»­èˆª"", ""O4å›¾ä¼ ""]}",2025-12-01 04:15:19.643448,2025-12-01 04:15:19.643448,physical,,f,,
d9c50961-42e7-4c0e-9894-8337d7ae3552,f92f6904-b1bd-43ab-90ae-94811df5290b,APARKæ¡Œé¢ç®—åŠ›ä¸­å¿ƒ,"Aparkï¼Œç‚¹äº®ä½ çš„ AI ç«èŠ±ã€‚
è®©ä¸–ç•Œæ›´æ™ºèƒ½ï¼Œä¹Ÿæ›´æ‡‚ä½ ã€‚",29999.00,2000,å®ä½“å•†å“,,active,"{""core"": {""media"": {""images"": []}}, ""currency"": ""CNY"", ""extensions"": {""commissionRate"": 3}, ""aiCompatible"": {""groq"": {""name"": ""paymind_purchase_physical"", ""parameters"": {""type"": ""object"", ""required"": [""product_id"", ""shipping_address""], ""properties"": {""quantity"": {""type"": ""number"", ""minimum"": 1, ""description"": ""è´­ä¹°æ•°é‡""}, ""product_id"": {""type"": ""string"", ""description"": ""å•†å“IDï¼šd9c50961-42e7-4c0e-9894-8337d7ae3552""}, ""shipping_address"": {""type"": ""string"", ""description"": ""æ”¶è´§åœ°å€ï¼ˆå®ç‰©å•†å“éœ€è¦ï¼‰""}}}, ""description"": ""è´­ä¹°å•†å“ï¼šAPARKæ¡Œé¢ç®—åŠ›ä¸­å¿ƒã€‚Aparkï¼Œç‚¹äº®ä½ çš„ AI ç«èŠ±ã€‚\nè®©ä¸–ç•Œæ›´æ™ºèƒ½ï¼Œä¹Ÿæ›´æ‡‚ä½ ã€‚ ä»·æ ¼ï¼š29999.00 CNY""}, ""claude"": {""name"": ""paymind_purchase_physical"", ""description"": ""è´­ä¹°å•†å“ï¼šAPARKæ¡Œé¢ç®—åŠ›ä¸­å¿ƒã€‚Aparkï¼Œç‚¹äº®ä½ çš„ AI ç«èŠ±ã€‚\nè®©ä¸–ç•Œæ›´æ™ºèƒ½ï¼Œä¹Ÿæ›´æ‡‚ä½ ã€‚ ä»·æ ¼ï¼š29999.00 CNY"", ""input_schema"": {""type"": ""object"", ""required"": [""product_id"", ""shipping_address""], ""properties"": {""quantity"": {""type"": ""number"", ""minimum"": 1, ""description"": ""è´­ä¹°æ•°é‡""}, ""product_id"": {""type"": ""string"", ""description"": ""å•†å“IDï¼šd9c50961-42e7-4c0e-9894-8337d7ae3552""}, ""shipping_address"": {""type"": ""string"", ""description"": ""æ”¶è´§åœ°å€ï¼ˆå®ç‰©å•†å“éœ€è¦ï¼‰""}}}}, ""gemini"": {""name"": ""paymind_purchase_physical"", ""parameters"": {""type"": ""object"", ""required"": [""product_id"", ""shipping_address""], ""properties"": {""quantity"": {""type"": ""number"", ""minimum"": 1, ""description"": ""è´­ä¹°æ•°é‡""}, ""product_id"": {""type"": ""string"", ""description"": ""å•†å“IDï¼šd9c50961-42e7-4c0e-9894-8337d7ae3552""}, ""shipping_address"": {""type"": ""string"", ""description"": ""æ”¶è´§åœ°å€ï¼ˆå®ç‰©å•†å“éœ€è¦ï¼‰""}}}, ""description"": ""è´­ä¹°å•†å“ï¼šAPARKæ¡Œé¢ç®—åŠ›ä¸­å¿ƒã€‚Aparkï¼Œç‚¹äº®ä½ çš„ AI ç«èŠ±ã€‚\nè®©ä¸–ç•Œæ›´æ™ºèƒ½ï¼Œä¹Ÿæ›´æ‡‚ä½ ã€‚ ä»·æ ¼ï¼š29999.00 CNY""}, ""openai"": {""function"": {""name"": ""paymind_purchase_physical"", ""parameters"": {""type"": ""object"", ""required"": [""product_id"", ""shipping_address""], ""properties"": {""quantity"": {""type"": ""number"", ""minimum"": 1, ""description"": ""è´­ä¹°æ•°é‡""}, ""product_id"": {""type"": ""string"", ""description"": ""å•†å“IDï¼šd9c50961-42e7-4c0e-9894-8337d7ae3552""}, ""shipping_address"": {""type"": ""string"", ""description"": ""æ”¶è´§åœ°å€ï¼ˆå®ç‰©å•†å“éœ€è¦ï¼‰""}}}, ""description"": ""è´­ä¹°å•†å“ï¼šAPARKæ¡Œé¢ç®—åŠ›ä¸­å¿ƒã€‚Aparkï¼Œç‚¹äº®ä½ çš„ AI ç«èŠ±ã€‚\nè®©ä¸–ç•Œæ›´æ™ºèƒ½ï¼Œä¹Ÿæ›´æ‡‚ä½ ã€‚ ä»·æ ¼ï¼š29999.00 CNY""}}}, ""typeSpecific"": {}}",2025-12-06 09:16:00.539089,2025-12-06 09:16:00.926257,physical,,f,,
4a2d0d57-67fa-4323-acfb-d796bc89634c,f92f6904-b1bd-43ab-90ae-94811df5290b,consensus 2026 å¤§ä¼šé—¨ç¥¨,consensus 2026 é¦™æ¸¯é—¨ç¥¨ï¼ŒåŠä»·èµ·,0.10,999999,æœåŠ¡,,active,"{""core"": {""media"": {""images"": []}}, ""currency"": ""USDT"", ""extensions"": {""commissionRate"": 2.5}, ""aiCompatible"": {""groq"": {""name"": ""paymind_mint_nft"", ""parameters"": {""type"": ""object"", ""required"": [""product_id"", ""wallet_address"", ""chain""], ""properties"": {""chain"": {""enum"": [""ethereum"", ""polygon"", ""solana"", ""bsc""], ""type"": ""string"", ""description"": ""åŒºå—é“¾ç½‘ç»œ""}, ""product_id"": {""type"": ""string"", ""description"": ""å•†å“IDï¼š4a2d0d57-67fa-4323-acfb-d796bc89634c""}, ""wallet_address"": {""type"": ""string"", ""description"": ""æ¥æ”¶NFTçš„é’±åŒ…åœ°å€""}}}, ""description"": ""é“¸é€ é“¾ä¸Šèµ„äº§ï¼šconsensus 2026 å¤§ä¼šé—¨ç¥¨ã€‚consensus 2026 é¦™æ¸¯é—¨ç¥¨ï¼ŒåŠä»·èµ·""}, ""claude"": {""name"": ""paymind_mint_nft"", ""description"": ""é“¸é€ é“¾ä¸Šèµ„äº§ï¼šconsensus 2026 å¤§ä¼šé—¨ç¥¨ã€‚consensus 2026 é¦™æ¸¯é—¨ç¥¨ï¼ŒåŠä»·èµ·"", ""input_schema"": {""type"": ""object"", ""required"": [""product_id"", ""wallet_address"", ""chain""], ""properties"": {""chain"": {""enum"": [""ethereum"", ""polygon"", ""solana"", ""bsc""], ""type"": ""string"", ""description"": ""åŒºå—é“¾ç½‘ç»œ""}, ""product_id"": {""type"": ""string"", ""description"": ""å•†å“IDï¼š4a2d0d57-67fa-4323-acfb-d796bc89634c""}, ""wallet_address"": {""type"": ""string"", ""description"": ""æ¥æ”¶NFTçš„é’±åŒ…åœ°å€""}}}}, ""gemini"": {""name"": ""paymind_mint_nft"", ""parameters"": {""type"": ""object"", ""required"": [""product_id"", ""wallet_address"", ""chain""], ""properties"": {""chain"": {""enum"": [""ethereum"", ""polygon"", ""solana"", ""bsc""], ""type"": ""string"", ""description"": ""åŒºå—é“¾ç½‘ç»œ""}, ""product_id"": {""type"": ""string"", ""description"": ""å•†å“IDï¼š4a2d0d57-67fa-4323-acfb-d796bc89634c""}, ""wallet_address"": {""type"": ""string"", ""description"": ""æ¥æ”¶NFTçš„é’±åŒ…åœ°å€""}}}, ""description"": ""é“¸é€ é“¾ä¸Šèµ„äº§ï¼šconsensus 2026 å¤§ä¼šé—¨ç¥¨ã€‚consensus 2026 é¦™æ¸¯é—¨ç¥¨ï¼ŒåŠä»·èµ·""}, ""openai"": {""function"": {""name"": ""paymind_mint_nft"", ""parameters"": {""type"": ""object"", ""required"": [""product_id"", ""wallet_address"", ""chain""], ""properties"": {""chain"": {""enum"": [""ethereum"", ""polygon"", ""solana"", ""bsc""], ""type"": ""string"", ""description"": ""åŒºå—é“¾ç½‘ç»œ""}, ""product_id"": {""type"": ""string"", ""description"": ""å•†å“IDï¼š4a2d0d57-67fa-4323-acfb-d796bc89634c""}, ""wallet_address"": {""type"": ""string"", ""description"": ""æ¥æ”¶NFTçš„é’±åŒ…åœ°å€""}}}, ""description"": ""é“¸é€ é“¾ä¸Šèµ„äº§ï¼šconsensus 2026 å¤§ä¼šé—¨ç¥¨ã€‚consensus 2026 é¦™æ¸¯é—¨ç¥¨ï¼ŒåŠä»·èµ·""}}}, ""typeSpecific"": {}}",2025-12-06 09:28:35.697771,2025-12-06 09:28:35.772449,nft,,f,,
d227ab62-8c97-4de5-bdf3-82398235fe7e,f92f6904-b1bd-43ab-90ae-94811df5290b,Apark token,APark å»ä¸­å¿ƒåŒ–å…¬é“¾ä»£å¸,0.01,999999,FT,,active,"{""core"": {""media"": {""images"": []}}, ""currency"": ""USD"", ""extensions"": {""commissionRate"": 2.5}, ""aiCompatible"": {""groq"": {""name"": ""paymind_mint_ft"", ""parameters"": {""type"": ""object"", ""required"": [""product_id"", ""wallet_address"", ""chain""], ""properties"": {""chain"": {""enum"": [""ethereum"", ""polygon"", ""solana"", ""bsc""], ""type"": ""string"", ""description"": ""åŒºå—é“¾ç½‘ç»œ""}, ""product_id"": {""type"": ""string"", ""description"": ""å•†å“IDï¼šd227ab62-8c97-4de5-bdf3-82398235fe7e""}, ""wallet_address"": {""type"": ""string"", ""description"": ""æ¥æ”¶NFTçš„é’±åŒ…åœ°å€""}}}, ""description"": ""é“¸é€ é“¾ä¸Šèµ„äº§ï¼šApark tokenã€‚APark å»ä¸­å¿ƒåŒ–å…¬é“¾ä»£å¸""}, ""claude"": {""name"": ""paymind_mint_ft"", ""description"": ""é“¸é€ é“¾ä¸Šèµ„äº§ï¼šApark tokenã€‚APark å»ä¸­å¿ƒåŒ–å…¬é“¾ä»£å¸"", ""input_schema"": {""type"": ""object"", ""required"": [""product_id"", ""wallet_address"", ""chain""], ""properties"": {""chain"": {""enum"": [""ethereum"", ""polygon"", ""solana"", ""bsc""], ""type"": ""string"", ""description"": ""åŒºå—é“¾ç½‘ç»œ""}, ""product_id"": {""type"": ""string"", ""description"": ""å•†å“IDï¼šd227ab62-8c97-4de5-bdf3-82398235fe7e""}, ""wallet_address"": {""type"": ""string"", ""description"": ""æ¥æ”¶NFTçš„é’±åŒ…åœ°å€""}}}}, ""gemini"": {""name"": ""paymind_mint_ft"", ""parameters"": {""type"": ""object"", ""required"": [""product_id"", ""wallet_address"", ""chain""], ""properties"": {""chain"": {""enum"": [""ethereum"", ""polygon"", ""solana"", ""bsc""], ""type"": ""string"", ""description"": ""åŒºå—é“¾ç½‘ç»œ""}, ""product_id"": {""type"": ""string"", ""description"": ""å•†å“IDï¼šd227ab62-8c97-4de5-bdf3-82398235fe7e""}, ""wallet_address"": {""type"": ""string"", ""description"": ""æ¥æ”¶NFTçš„é’±åŒ…åœ°å€""}}}, ""description"": ""é“¸é€ é“¾ä¸Šèµ„äº§ï¼šApark tokenã€‚APark å»ä¸­å¿ƒåŒ–å…¬é“¾ä»£å¸""}, ""openai"": {""function"": {""name"": ""paymind_mint_ft"", ""parameters"": {""type"": ""object"", ""required"": [""product_id"", ""wallet_address"", ""chain""], ""properties"": {""chain"": {""enum"": [""ethereum"", ""polygon"", ""solana"", ""bsc""], ""type"": ""string"", ""description"": ""åŒºå—é“¾ç½‘ç»œ""}, ""product_id"": {""type"": ""string"", ""description"": ""å•†å“IDï¼šd227ab62-8c97-4de5-bdf3-82398235fe7e""}, ""wallet_address"": {""type"": ""string"", ""description"": ""æ¥æ”¶NFTçš„é’±åŒ…åœ°å€""}}}, ""description"": ""é“¸é€ é“¾ä¸Šèµ„äº§ï¼šApark tokenã€‚APark å»ä¸­å¿ƒåŒ–å…¬é“¾ä»£å¸""}}}, ""typeSpecific"": {}}",2025-12-06 09:30:58.465896,2025-12-06 09:30:58.761394,ft,,f,,
ad4b485e-3ae3-4e1e-91f2-d16aba10b7f5,f92f6904-b1bd-43ab-90ae-94811df5290b,å¿ƒç†å¥åº·å’¨è¯¢,ä¸“å®¶è¿œç¨‹å¿ƒç†å’¨è¯¢ï¼Œå®ˆæŠ¤å¿ƒç†å¥åº·,0.01,999999,æœåŠ¡,3.00,active,"{""currency"": ""USDT"", ""extensions"": {""commissionRate"": 3}, ""aiCompatible"": {""groq"": {""name"": ""paymind_book_service"", ""parameters"": {""type"": ""object"", ""required"": [""product_id"", ""appointment_time"", ""contact_info""], ""properties"": {""product_id"": {""type"": ""string"", ""description"": ""å•†å“IDï¼šad4b485e-3ae3-4e1e-91f2-d16aba10b7f5""}, ""contact_info"": {""type"": ""string"", ""description"": ""è”ç³»æ–¹å¼""}, ""appointment_time"": {""type"": ""string"", ""description"": ""é¢„çº¦æ—¶é—´ï¼ˆISO 8601æ ¼å¼ï¼‰""}}}, ""description"": ""é¢„çº¦æœåŠ¡ï¼šå¿ƒç†å¥åº·å’¨è¯¢ã€‚ä¸“å®¶è¿œç¨‹å¿ƒç†å’¨è¯¢ï¼Œå®ˆæŠ¤å¿ƒç†å¥åº·""}, ""claude"": {""name"": ""paymind_book_service"", ""description"": ""é¢„çº¦æœåŠ¡ï¼šå¿ƒç†å¥åº·å’¨è¯¢ã€‚ä¸“å®¶è¿œç¨‹å¿ƒç†å’¨è¯¢ï¼Œå®ˆæŠ¤å¿ƒç†å¥åº·"", ""input_schema"": {""type"": ""object"", ""required"": [""product_id"", ""appointment_time"", ""contact_info""], ""properties"": {""product_id"": {""type"": ""string"", ""description"": ""å•†å“IDï¼šad4b485e-3ae3-4e1e-91f2-d16aba10b7f5""}, ""contact_info"": {""type"": ""string"", ""description"": ""è”ç³»æ–¹å¼""}, ""appointment_time"": {""type"": ""string"", ""description"": ""é¢„çº¦æ—¶é—´ï¼ˆISO 8601æ ¼å¼ï¼‰""}}}}, ""gemini"": {""name"": ""paymind_book_service"", ""parameters"": {""type"": ""object"", ""required"": [""product_id"", ""appointment_time"", ""contact_info""], ""properties"": {""product_id"": {""type"": ""string"", ""description"": ""å•†å“IDï¼šad4b485e-3ae3-4e1e-91f2-d16aba10b7f5""}, ""contact_info"": {""type"": ""string"", ""description"": ""è”ç³»æ–¹å¼""}, ""appointment_time"": {""type"": ""string"", ""description"": ""é¢„çº¦æ—¶é—´ï¼ˆISO 8601æ ¼å¼ï¼‰""}}}, ""description"": ""é¢„çº¦æœåŠ¡ï¼šå¿ƒç†å¥åº·å’¨è¯¢ã€‚ä¸“å®¶è¿œç¨‹å¿ƒç†å’¨è¯¢ï¼Œå®ˆæŠ¤å¿ƒç†å¥åº·""}, ""openai"": {""function"": {""name"": ""paymind_book_service"", ""parameters"": {""type"": ""object"", ""required"": [""product_id"", ""appointment_time"", ""contact_info""], ""properties"": {""product_id"": {""type"": ""string"", ""description"": ""å•†å“IDï¼šad4b485e-3ae3-4e1e-91f2-d16aba10b7f5""}, ""contact_info"": {""type"": ""string"", ""description"": ""è”ç³»æ–¹å¼""}, ""appointment_time"": {""type"": ""string"", ""description"": ""é¢„çº¦æ—¶é—´ï¼ˆISO 8601æ ¼å¼ï¼‰""}}}, ""description"": ""é¢„çº¦æœåŠ¡ï¼šå¿ƒç†å¥åº·å’¨è¯¢ã€‚ä¸“å®¶è¿œç¨‹å¿ƒç†å’¨è¯¢ï¼Œå®ˆæŠ¤å¿ƒç†å¥åº·""}}}}",2025-12-06 09:32:25.387606,2025-12-06 14:49:42.005104,service,,f,,
